memory,occasion_id,arm,succeeded,assigned_at,resolved_at,revision,holdout_rate,salt
sim-harmful-memory,SIM-00001,injected,true,2026-10-01T10:37:34.479836+00:00,,sha256:6fd97b8fdfa3a093,0.5,20261001T103734-98563d0d-0.5
sim-harmful-memory,SIM-00004,injected,false,2026-10-01T10:37:34.481145+00:00,,sha256:6fd97b8fdfa3a093,0.5,20261001T103734-98563d0d-0.5
sim-harmful-memory,SIM-00007,injected,false,2026-10-01T10:37:34.482283+00:00,,sha256:6fd97b8fdfa3a093,0.5,20261001T103734-98563d0d-0.5
sim-harmful-memory,SIM-00010,injected,false,2026-10-01T10:37:34.483391+00:00,,sha256:6fd97b8fdfa3a093,0.5,20261001T103734-98563d0d-0.5
sim-harmful-memory,SIM-00013,injected,true,2026-10-01T10:37:34.484555+00:00,,sha256:6fd97b8fdfa3a093,0.5,20261001T103734-98563d0d-0.5
sim-harmful-memory,SIM-00016,withheld,true,2026-10-01T10:37:34.485637+00:00,,sha256:6fd97b8fdfa3a093,0.5,20261001T103734-98563d0d-0.5
sim-harmful-memory,SIM-00019,withheld,false,2026-10-01T10:37:34.486878+00:00,,sha256:6fd97b8fdfa3a093,0.5,20261001T103734-98563d0d-0.5
sim-harmful-memory,SIM-00022,withheld,true,2026-10-01T10:37:34.487988+00:00,,sha256:6fd97b8fdfa3a093,0.5,20261001T103734-98563d0d-0.5
sim-harmful-memory,SIM-00025,withheld,true,2026-10-01T10:37:34.489167+00:00,,sha256:6fd97b8fdfa3a093,0.5,20261001T103734-98563d0d-0.5
sim-harmful-memory,SIM-00028,withheld,false,2026-10-01T10:37:34.490525+00:00,,sha256:6fd97b8fdfa3a093,0.5,20261001T103734-98563d0d-0.5
sim-harmful-memory,SIM-00031,withheld,false,2026-10-01T10:37:34.491695+00:00,,sha256:6fd97b8fdfa3a093,0.5,20261001T103734-98563d0d-0.5
sim-harmful-memory,SIM-00034,withheld,true,2026-10-01T10:37:34.492999+00:00,,sha256:6fd97b8fdfa3a093,0.5,20261001T103734-98563d0d-0.5
sim-harmful-memory,SIM-00037,injected,false,2026-10-01T10:37:34.494137+00:00,,sha256:6fd97b8fdfa3a093,0.5,20261001T103734-98563d0d-0.5
sim-harmful-memory,SIM-00040,injected,false,2026-10-01T10:37:34.495202+00:00,,sha256:6fd97b8fdfa3a093,0.5,20261001T103734-98563d0d-0.5
sim-harmful-memory,SIM-00043,withheld,false,2026-10-01T10:37:34.496312+00:00,,sha256:6fd97b8fdfa3a093,0.5,20261001T103734-98563d0d-0.5
sim-harmful-memory,SIM-00046,injected,true,2026-10-01T10:37:34.497483+00:00,,sha256:6fd97b8fdfa3a093,0.5,20261001T103734-98563d0d-0.5
sim-harmful-memory,SIM-00049,withheld,false,2026-10-01T10:37:34.498554+00:00,,sha256:6fd97b8fdfa3a093,0.5,20261001T103734-98563d0d-0.5
sim-harmful-memory,SIM-00052,withheld,false,2026-10-01T10:37:34.499648+00:00,,sha256:6fd97b8fdfa3a093,0.5,20261001T103734-98563d0d-0.5
sim-harmful-memory,SIM-00055,withheld,false,2026-10-01T10:37:34.500973+00:00,,sha256:6fd97b8fdfa3a093,0.5,20261001T103734-98563d0d-0.5
sim-harmful-memory,SIM-00058,injected,false,2026-10-01T10:37:34.502028+00:00,,sha256:6fd97b8fdfa3a093,0.5,20261001T103734-98563d0d-0.5
sim-harmful-memory,SIM-00061,injected,false,2026-10-01T10:37:34.503084+00:00,,sha256:6fd97b8fdfa3a093,0.5,20261001T103734-98563d0d-0.5
sim-harmful-memory,SIM-00064,withheld,true,2026-10-01T10:37:34.504155+00:00,,sha256:6fd97b8fdfa3a093,0.5,20261001T103734-98563d0d-0.5
sim-harmful-memory,SIM-00067,withheld,true,2026-10-01T10:37:34.505309+00:00,,sha256:6fd97b8fdfa3a093,0.5,20261001T103734-98563d0d-0.5
sim-harmful-memory,SIM-00070,injected,true,2026-10-01T10:37:34.506348+00:00,,sha256:6fd97b8fdfa3a093,0.5,20261001T103734-98563d0d-0.5
sim-harmful-memory,SIM-00073,injected,false,2026-10-01T10:37:34.507377+00:00,,sha256:6fd97b8fdfa3a093,0.5,20261001T103734-98563d0d-0.5
sim-harmful-memory,SIM-00076,injected,false,2026-10-01T10:37:34.508532+00:00,,sha256:6fd97b8fdfa3a093,0.5,20261001T103734-98563d0d-0.5
sim-harmful-memory,SIM-00079,withheld,true,2026-10-01T10:37:34.509596+00:00,,sha256:6fd97b8fdfa3a093,0.5,20261001T103734-98563d0d-0.5
sim-harmful-memory,SIM-00082,injected,true,2026-10-01T10:37:34.510625+00:00,,sha256:6fd97b8fdfa3a093,0.5,20261001T103734-98563d0d-0.5
sim-harmful-memory,SIM-00085,withheld,false,2026-10-01T10:37:34.511747+00:00,,sha256:6fd97b8fdfa3a093,0.5,20261001T103734-98563d0d-0.5
sim-harmful-memory,SIM-00088,injected,true,2026-10-01T10:37:34.513026+00:00,,sha256:6fd97b8fdfa3a093,0.5,20261001T103734-98563d0d-0.5
sim-harmful-memory,SIM-00091,injected,false,2026-10-01T10:37:34.514071+00:00,,sha256:6fd97b8fdfa3a093,0.5,20261001T103734-98563d0d-0.5
sim-harmful-memory,SIM-00094,withheld,true,2026-10-01T10:37:34.515107+00:00,,sha256:6fd97b8fdfa3a093,0.5,20261001T103734-98563d0d-0.5
sim-harmful-memory,SIM-00097,injected,false,2026-10-01T10:37:34.516138+00:00,,sha256:6fd97b8fdfa3a093,0.5,20261001T103734-98563d0d-0.5
sim-harmful-memory,SIM-00100,injected,false,2026-10-01T10:37:34.517474+00:00,,sha256:6fd97b8fdfa3a093,0.5,20261001T103734-98563d0d-0.5
sim-harmful-memory,SIM-00103,injected,false,2026-10-01T10:37:34.518590+00:00,,sha256:6fd97b8fdfa3a093,0.5,20261001T103734-98563d0d-0.5
sim-harmful-memory,SIM-00106,injected,false,2026-10-01T10:37:34.519661+00:00,,sha256:6fd97b8fdfa3a093,0.5,20261001T103734-98563d0d-0.5
sim-harmful-memory,SIM-00109,withheld,false,2026-10-01T10:37:34.520928+00:00,,sha256:6fd97b8fdfa3a093,0.5,20261001T103734-98563d0d-0.5
sim-harmful-memory,SIM-00112,withheld,false,2026-10-01T10:37:34.521959+00:00,,sha256:6fd97b8fdfa3a093,0.5,20261001T103734-98563d0d-0.5
sim-harmful-memory,SIM-00115,withheld,false,2026-10-01T10:37:34.522982+00:00,,sha256:6fd97b8fdfa3a093,0.5,20261001T103734-98563d0d-0.5
sim-harmful-memory,SIM-00118,injected,false,2026-10-01T10:37:34.524027+00:00,,sha256:6fd97b8fdfa3a093,0.5,20261001T103734-98563d0d-0.5
sim-harmful-memory,SIM-00121,injected,true,2026-10-01T10:37:34.525184+00:00,,sha256:6fd97b8fdfa3a093,0.5,20261001T103734-98563d0d-0.5
sim-harmful-memory,SIM-00124,injected,false,2026-10-01T10:37:34.526226+00:00,,sha256:6fd97b8fdfa3a093,0.5,20261001T103734-98563d0d-0.5
sim-harmful-memory,SIM-00127,withheld,true,2026-10-01T10:37:34.527487+00:00,,sha256:6fd97b8fdfa3a093,0.5,20261001T103734-98563d0d-0.5
sim-harmful-memory,SIM-00130,injected,true,2026-10-01T10:37:34.528736+00:00,,sha256:6fd97b8fdfa3a093,0.5,20261001T103734-98563d0d-0.5
sim-harmful-memory,SIM-00133,withheld,true,2026-10-01T10:37:34.529932+00:00,,sha256:6fd97b8fdfa3a093,0.5,20261001T103734-98563d0d-0.5
sim-harmful-memory,SIM-00136,withheld,false,2026-10-01T10:37:34.531111+00:00,,sha256:6fd97b8fdfa3a093,0.5,20261001T103734-98563d0d-0.5
sim-harmful-memory,SIM-00139,withheld,true,2026-10-01T10:37:34.532241+00:00,,sha256:6fd97b8fdfa3a093,0.5,20261001T103734-98563d0d-0.5
sim-harmful-memory,SIM-00142,injected,false,2026-10-01T10:37:34.533418+00:00,,sha256:6fd97b8fdfa3a093,0.5,20261001T103734-98563d0d-0.5
sim-harmful-memory,SIM-00145,withheld,true,2026-10-01T10:37:34.534477+00:00,,sha256:6fd97b8fdfa3a093,0.5,20261001T103734-98563d0d-0.5
sim-harmful-memory,SIM-00148,withheld,false,2026-10-01T10:37:34.535561+00:00,,sha256:6fd97b8fdfa3a093,0.5,20261001T103734-98563d0d-0.5
sim-harmful-memory,SIM-00151,injected,false,2026-10-01T10:37:34.536993+00:00,,sha256:6fd97b8fdfa3a093,0.5,20261001T103734-98563d0d-0.5
sim-harmful-memory,SIM-00154,injected,false,2026-10-01T10:37:34.538076+00:00,,sha256:6fd97b8fdfa3a093,0.5,20261001T103734-98563d0d-0.5
sim-harmful-memory,SIM-00157,withheld,true,2026-10-01T10:37:34.539138+00:00,,sha256:6fd97b8fdfa3a093,0.5,20261001T103734-98563d0d-0.5
sim-harmful-memory,SIM-00160,withheld,false,2026-10-01T10:37:34.540201+00:00,,sha256:6fd97b8fdfa3a093,0.5,20261001T103734-98563d0d-0.5
sim-harmful-memory,SIM-00163,withheld,true,2026-10-01T10:37:34.541370+00:00,,sha256:6fd97b8fdfa3a093,0.5,20261001T103734-98563d0d-0.5
sim-harmful-memory,SIM-00166,injected,false,2026-10-01T10:37:34.542418+00:00,,sha256:6fd97b8fdfa3a093,0.5,20261001T103734-98563d0d-0.5
sim-harmful-memory,SIM-00169,injected,false,2026-10-01T10:37:34.543488+00:00,,sha256:6fd97b8fdfa3a093,0.5,20261001T103734-98563d0d-0.5
sim-harmful-memory,SIM-00172,withheld,false,2026-10-01T10:37:34.544726+00:00,,sha256:6fd97b8fdfa3a093,0.5,20261001T103734-98563d0d-0.5
sim-harmful-memory,SIM-00175,withheld,false,2026-10-01T10:37:34.545818+00:00,,sha256:6fd97b8fdfa3a093,0.5,20261001T103734-98563d0d-0.5
sim-harmful-memory,SIM-00178,injected,false,2026-10-01T10:37:34.546869+00:00,,sha256:6fd97b8fdfa3a093,0.5,20261001T103734-98563d0d-0.5
sim-harmful-memory,SIM-00181,withheld,false,2026-10-01T10:37:34.547913+00:00,,sha256:6fd97b8fdfa3a093,0.5,20261001T103734-98563d0d-0.5
sim-harmful-memory,SIM-00184,injected,false,2026-10-01T10:37:34.549107+00:00,,sha256:6fd97b8fdfa3a093,0.5,20261001T103734-98563d0d-0.5
sim-harmful-memory,SIM-00187,injected,true,2026-10-01T10:37:34.550143+00:00,,sha256:6fd97b8fdfa3a093,0.5,20261001T103734-98563d0d-0.5
sim-harmful-memory,SIM-00190,withheld,false,2026-10-01T10:37:34.551226+00:00,,sha256:6fd97b8fdfa3a093,0.5,20261001T103734-98563d0d-0.5
sim-harmful-memory,SIM-00193,withheld,false,2026-10-01T10:37:34.552490+00:00,,sha256:6fd97b8fdfa3a093,0.5,20261001T103734-98563d0d-0.5
sim-harmful-memory,SIM-00196,injected,true,2026-10-01T10:37:34.553562+00:00,,sha256:6fd97b8fdfa3a093,0.5,20261001T103734-98563d0d-0.5
sim-harmful-memory,SIM-00199,withheld,false,2026-10-01T10:37:34.554591+00:00,,sha256:6fd97b8fdfa3a093,0.5,20261001T103734-98563d0d-0.5
sim-harmful-memory,SIM-00202,withheld,false,2026-10-01T10:37:34.555637+00:00,,sha256:6fd97b8fdfa3a093,0.5,20261001T103734-98563d0d-0.5
sim-harmful-memory,SIM-00205,withheld,true,2026-10-01T10:37:34.556830+00:00,,sha256:6fd97b8fdfa3a093,0.5,20261001T103734-98563d0d-0.5
sim-harmful-memory,SIM-00208,injected,false,2026-10-01T10:37:34.557900+00:00,,sha256:6fd97b8fdfa3a093,0.5,20261001T103734-98563d0d-0.5
sim-harmful-memory,SIM-00211,injected,false,2026-10-01T10:37:34.558940+00:00,,sha256:6fd97b8fdfa3a093,0.5,20261001T103734-98563d0d-0.5
sim-harmful-memory,SIM-00214,injected,false,2026-10-01T10:37:34.559964+00:00,,sha256:6fd97b8fdfa3a093,0.5,20261001T103734-98563d0d-0.5
sim-harmful-memory,SIM-00217,withheld,true,2026-10-01T10:37:34.561165+00:00,,sha256:6fd97b8fdfa3a093,0.5,20261001T103734-98563d0d-0.5
sim-harmful-memory,SIM-00220,withheld,true,2026-10-01T10:37:34.562250+00:00,,sha256:6fd97b8fdfa3a093,0.5,20261001T103734-98563d0d-0.5
sim-harmful-memory,SIM-00223,injected,false,2026-10-01T10:37:34.563292+00:00,,sha256:6fd97b8fdfa3a093,0.5,20261001T103734-98563d0d-0.5
sim-harmful-memory,SIM-00226,injected,false,2026-10-01T10:37:34.564403+00:00,,sha256:6fd97b8fdfa3a093,0.5,20261001T103734-98563d0d-0.5
sim-harmful-memory,SIM-00229,injected,false,2026-10-01T10:37:34.565496+00:00,,sha256:6fd97b8fdfa3a093,0.5,20261001T103734-98563d0d-0.5
sim-harmful-memory,SIM-00232,withheld,false,2026-10-01T10:37:34.566530+00:00,,sha256:6fd97b8fdfa3a093,0.5,20261001T103734-98563d0d-0.5
sim-harmful-memory,SIM-00235,withheld,false,2026-10-01T10:37:34.567578+00:00,,sha256:6fd97b8fdfa3a093,0.5,20261001T103734-98563d0d-0.5
sim-harmful-memory,SIM-00238,injected,true,2026-10-01T10:37:34.568811+00:00,,sha256:6fd97b8fdfa3a093,0.5,20261001T103734-98563d0d-0.5
sim-harmful-memory,SIM-00241,withheld,false,2026-10-01T10:37:34.569862+00:00,,sha256:6fd97b8fdfa3a093,0.5,20261001T103734-98563d0d-0.5
sim-harmful-memory,SIM-00244,injected,false,2026-10-01T10:37:34.570937+00:00,,sha256:6fd97b8fdfa3a093,0.5,20261001T103734-98563d0d-0.5
sim-harmful-memory,SIM-00247,injected,false,2026-10-01T10:37:34.571976+00:00,,sha256:6fd97b8fdfa3a093,0.5,20261001T103734-98563d0d-0.5
sim-harmful-memory,SIM-00250,withheld,false,2026-10-01T10:37:34.573144+00:00,,sha256:6fd97b8fdfa3a093,0.5,20261001T103734-98563d0d-0.5
sim-harmful-memory,SIM-00253,withheld,true,2026-10-01T10:37:34.574212+00:00,,sha256:6fd97b8fdfa3a093,0.5,20261001T103734-98563d0d-0.5
sim-harmful-memory,SIM-00256,withheld,true,2026-10-01T10:37:34.575241+00:00,,sha256:6fd97b8fdfa3a093,0.5,20261001T103734-98563d0d-0.5
sim-harmful-memory,SIM-00259,injected,false,2026-10-01T10:37:34.576277+00:00,,sha256:6fd97b8fdfa3a093,0.5,20261001T103734-98563d0d-0.5
sim-harmful-memory,SIM-00262,injected,false,2026-10-01T10:37:34.577463+00:00,,sha256:6fd97b8fdfa3a093,0.5,20261001T103734-98563d0d-0.5
sim-harmful-memory,SIM-00265,withheld,true,2026-10-01T10:37:34.578516+00:00,,sha256:6fd97b8fdfa3a093,0.5,20261001T103734-98563d0d-0.5
sim-harmful-memory,SIM-00268,injected,false,2026-10-01T10:37:34.579583+00:00,,sha256:6fd97b8fdfa3a093,0.5,20261001T103734-98563d0d-0.5
sim-harmful-memory,SIM-00271,withheld,false,2026-10-01T10:37:34.580743+00:00,,sha256:6fd97b8fdfa3a093,0.5,20261001T103734-98563d0d-0.5
sim-harmful-memory,SIM-00274,injected,false,2026-10-01T10:37:34.581836+00:00,,sha256:6fd97b8fdfa3a093,0.5,20261001T103734-98563d0d-0.5
sim-harmful-memory,SIM-00277,injected,false,2026-10-01T10:37:34.582929+00:00,,sha256:6fd97b8fdfa3a093,0.5,20261001T103734-98563d0d-0.5
sim-harmful-memory,SIM-00280,withheld,false,2026-10-01T10:37:34.583978+00:00,,sha256:6fd97b8fdfa3a093,0.5,20261001T103734-98563d0d-0.5
sim-harmful-memory,SIM-00283,withheld,true,2026-10-01T10:37:34.585125+00:00,,sha256:6fd97b8fdfa3a093,0.5,20261001T103734-98563d0d-0.5
sim-harmful-memory,SIM-00286,withheld,false,2026-10-01T10:37:34.586165+00:00,,sha256:6fd97b8fdfa3a093,0.5,20261001T103734-98563d0d-0.5
sim-harmful-memory,SIM-00289,withheld,true,2026-10-01T10:37:34.587223+00:00,,sha256:6fd97b8fdfa3a093,0.5,20261001T103734-98563d0d-0.5
sim-harmful-memory,SIM-00292,injected,false,2026-10-01T10:37:34.588248+00:00,,sha256:6fd97b8fdfa3a093,0.5,20261001T103734-98563d0d-0.5
sim-harmful-memory,SIM-00295,injected,false,2026-10-01T10:37:34.589524+00:00,,sha256:6fd97b8fdfa3a093,0.5,20261001T103734-98563d0d-0.5
sim-harmful-memory,SIM-00298,injected,false,2026-10-01T10:37:34.590550+00:00,,sha256:6fd97b8fdfa3a093,0.5,20261001T103734-98563d0d-0.5
sim-harmful-memory,SIM-00301,injected,true,2026-10-01T10:37:34.591866+00:00,,sha256:6fd97b8fdfa3a093,0.5,20261001T103734-98563d0d-0.5
sim-harmful-memory,SIM-00304,injected,false,2026-10-01T10:37:34.593061+00:00,,sha256:6fd97b8fdfa3a093,0.5,20261001T103734-98563d0d-0.5
sim-harmful-memory,SIM-00307,withheld,true,2026-10-01T10:37:34.594116+00:00,,sha256:6fd97b8fdfa3a093,0.5,20261001T103734-98563d0d-0.5
sim-harmful-memory,SIM-00310,withheld,true,2026-10-01T10:37:34.595218+00:00,,sha256:6fd97b8fdfa3a093,0.5,20261001T103734-98563d0d-0.5
sim-harmful-memory,SIM-00313,injected,true,2026-10-01T10:37:34.596262+00:00,,sha256:6fd97b8fdfa3a093,0.5,20261001T103734-98563d0d-0.5
sim-harmful-memory,SIM-00316,withheld,false,2026-10-01T10:37:34.597493+00:00,,sha256:6fd97b8fdfa3a093,0.5,20261001T103734-98563d0d-0.5
sim-harmful-memory,SIM-00319,withheld,false,2026-10-01T10:37:34.598571+00:00,,sha256:6fd97b8fdfa3a093,0.5,20261001T103734-98563d0d-0.5
sim-harmful-memory,SIM-00322,withheld,false,2026-10-01T10:37:34.599611+00:00,,sha256:6fd97b8fdfa3a093,0.5,20261001T103734-98563d0d-0.5
sim-harmful-memory,SIM-00325,injected,false,2026-10-01T10:37:34.600759+00:00,,sha256:6fd97b8fdfa3a093,0.5,20261001T103734-98563d0d-0.5
sim-harmful-memory,SIM-00328,injected,true,2026-10-01T10:37:34.601839+00:00,,sha256:6fd97b8fdfa3a093,0.5,20261001T103734-98563d0d-0.5
sim-harmful-memory,SIM-00331,withheld,true,2026-10-01T10:37:34.602890+00:00,,sha256:6fd97b8fdfa3a093,0.5,20261001T103734-98563d0d-0.5
sim-harmful-memory,SIM-00334,injected,false,2026-10-01T10:37:34.604017+00:00,,sha256:6fd97b8fdfa3a093,0.5,20261001T103734-98563d0d-0.5
sim-harmful-memory,SIM-00337,withheld,false,2026-10-01T10:37:34.605187+00:00,,sha256:6fd97b8fdfa3a093,0.5,20261001T103734-98563d0d-0.5
sim-harmful-memory,SIM-00340,injected,false,2026-10-01T10:37:34.606232+00:00,,sha256:6fd97b8fdfa3a093,0.5,20261001T103734-98563d0d-0.5
sim-harmful-memory,SIM-00343,withheld,false,2026-10-01T10:37:34.607278+00:00,,sha256:6fd97b8fdfa3a093,0.5,20261001T103734-98563d0d-0.5
sim-harmful-memory,SIM-00346,injected,false,2026-10-01T10:37:34.608331+00:00,,sha256:6fd97b8fdfa3a093,0.5,20261001T103734-98563d0d-0.5
sim-harmful-memory,SIM-00349,withheld,true,2026-10-01T10:37:34.609501+00:00,,sha256:6fd97b8fdfa3a093,0.5,20261001T103734-98563d0d-0.5
sim-harmful-memory,SIM-00352,injected,false,2026-10-01T10:37:34.610627+00:00,,sha256:6fd97b8fdfa3a093,0.5,20261001T103734-98563d0d-0.5
sim-harmful-memory,SIM-00355,withheld,true,2026-10-01T10:37:34.611734+00:00,,sha256:6fd97b8fdfa3a093,0.5,20261001T103734-98563d0d-0.5
sim-harmful-memory,SIM-00358,withheld,true,2026-10-01T10:37:34.613034+00:00,,sha256:6fd97b8fdfa3a093,0.5,20261001T103734-98563d0d-0.5
sim-harmful-memory,SIM-00361,injected,false,2026-10-01T10:37:34.614075+00:00,,sha256:6fd97b8fdfa3a093,0.5,20261001T103734-98563d0d-0.5
sim-harmful-memory,SIM-00364,injected,true,2026-10-01T10:37:34.615141+00:00,,sha256:6fd97b8fdfa3a093,0.5,20261001T103734-98563d0d-0.5
sim-harmful-memory,SIM-00367,withheld,false,2026-10-01T10:37:34.616187+00:00,,sha256:6fd97b8fdfa3a093,0.5,20261001T103734-98563d0d-0.5
sim-harmful-memory,SIM-00370,injected,false,2026-10-01T10:37:34.617344+00:00,,sha256:6fd97b8fdfa3a093,0.5,20261001T103734-98563d0d-0.5
sim-harmful-memory,SIM-00373,injected,false,2026-10-01T10:37:34.618413+00:00,,sha256:6fd97b8fdfa3a093,0.5,20261001T103734-98563d0d-0.5
sim-harmful-memory,SIM-00376,withheld,false,2026-10-01T10:37:34.619471+00:00,,sha256:6fd97b8fdfa3a093,0.5,20261001T103734-98563d0d-0.5
sim-harmful-memory,SIM-00379,injected,false,2026-10-01T10:37:34.620723+00:00,,sha256:6fd97b8fdfa3a093,0.5,20261001T103734-98563d0d-0.5
sim-harmful-memory,SIM-00382,withheld,true,2026-10-01T10:37:34.621767+00:00,,sha256:6fd97b8fdfa3a093,0.5,20261001T103734-98563d0d-0.5
sim-harmful-memory,SIM-00385,withheld,false,2026-10-01T10:37:34.622884+00:00,,sha256:6fd97b8fdfa3a093,0.5,20261001T103734-98563d0d-0.5
sim-harmful-memory,SIM-00388,withheld,true,2026-10-01T10:37:34.623924+00:00,,sha256:6fd97b8fdfa3a093,0.5,20261001T103734-98563d0d-0.5
sim-harmful-memory,SIM-00391,injected,true,2026-10-01T10:37:34.625075+00:00,,sha256:6fd97b8fdfa3a093,0.5,20261001T103734-98563d0d-0.5
sim-harmful-memory,SIM-00394,injected,false,2026-10-01T10:37:34.626106+00:00,,sha256:6fd97b8fdfa3a093,0.5,20261001T103734-98563d0d-0.5
sim-harmful-memory,SIM-00397,injected,false,2026-10-01T10:37:34.627138+00:00,,sha256:6fd97b8fdfa3a093,0.5,20261001T103734-98563d0d-0.5
sim-harmful-memory,SIM-00400,withheld,true,2026-10-01T10:37:34.628235+00:00,,sha256:6fd97b8fdfa3a093,0.5,20261001T103734-98563d0d-0.5
sim-harmful-memory,SIM-00403,injected,false,2026-10-01T10:37:34.629465+00:00,,sha256:6fd97b8fdfa3a093,0.5,20261001T103734-98563d0d-0.5
sim-harmful-memory,SIM-00406,withheld,false,2026-10-01T10:37:34.630628+00:00,,sha256:6fd97b8fdfa3a093,0.5,20261001T103734-98563d0d-0.5
sim-harmful-memory,SIM-00409,withheld,true,2026-10-01T10:37:34.631690+00:00,,sha256:6fd97b8fdfa3a093,0.5,20261001T103734-98563d0d-0.5
sim-harmful-memory,SIM-00412,injected,false,2026-10-01T10:37:34.632906+00:00,,sha256:6fd97b8fdfa3a093,0.5,20261001T103734-98563d0d-0.5
sim-harmful-memory,SIM-00415,injected,false,2026-10-01T10:37:34.633944+00:00,,sha256:6fd97b8fdfa3a093,0.5,20261001T103734-98563d0d-0.5
sim-harmful-memory,SIM-00418,withheld,true,2026-10-01T10:37:34.635002+00:00,,sha256:6fd97b8fdfa3a093,0.5,20261001T103734-98563d0d-0.5
sim-harmful-memory,SIM-00421,injected,false,2026-10-01T10:37:34.636040+00:00,,sha256:6fd97b8fdfa3a093,0.5,20261001T103734-98563d0d-0.5
sim-harmful-memory,SIM-00424,injected,false,2026-10-01T10:37:34.637242+00:00,,sha256:6fd97b8fdfa3a093,0.5,20261001T103734-98563d0d-0.5
sim-harmful-memory,SIM-00427,injected,false,2026-10-01T10:37:34.638304+00:00,,sha256:6fd97b8fdfa3a093,0.5,20261001T103734-98563d0d-0.5
sim-harmful-memory,SIM-00430,withheld,true,2026-10-01T10:37:34.639342+00:00,,sha256:6fd97b8fdfa3a093,0.5,20261001T103734-98563d0d-0.5
sim-harmful-memory,SIM-00433,withheld,false,2026-10-01T10:37:34.640470+00:00,,sha256:6fd97b8fdfa3a093,0.5,20261001T103734-98563d0d-0.5
sim-harmful-memory,SIM-00436,withheld,false,2026-10-01T10:37:34.641573+00:00,,sha256:6fd97b8fdfa3a093,0.5,20261001T103734-98563d0d-0.5
sim-harmful-memory,SIM-00439,injected,true,2026-10-01T10:37:34.642607+00:00,,sha256:6fd97b8fdfa3a093,0.5,20261001T103734-98563d0d-0.5
sim-harmful-memory,SIM-00442,withheld,false,2026-10-01T10:37:34.643633+00:00,,sha256:6fd97b8fdfa3a093,0.5,20261001T103734-98563d0d-0.5
sim-harmful-memory,SIM-00445,injected,false,2026-10-01T10:37:34.644926+00:00,,sha256:6fd97b8fdfa3a093,0.5,20261001T103734-98563d0d-0.5
sim-harmful-memory,SIM-00448,injected,false,2026-10-01T10:37:34.645976+00:00,,sha256:6fd97b8fdfa3a093,0.5,20261001T103734-98563d0d-0.5
sim-harmful-memory,SIM-00451,withheld,true,2026-10-01T10:37:34.647040+00:00,,sha256:6fd97b8fdfa3a093,0.5,20261001T103734-98563d0d-0.5
sim-harmful-memory,SIM-00454,injected,false,2026-10-01T10:37:34.648087+00:00,,sha256:6fd97b8fdfa3a093,0.5,20261001T103734-98563d0d-0.5
sim-harmful-memory,SIM-00457,withheld,true,2026-10-01T10:37:34.649277+00:00,,sha256:6fd97b8fdfa3a093,0.5,20261001T103734-98563d0d-0.5
sim-harmful-memory,SIM-00460,injected,false,2026-10-01T10:37:34.650452+00:00,,sha256:6fd97b8fdfa3a093,0.5,20261001T103734-98563d0d-0.5
sim-harmful-memory,SIM-00463,injected,false,2026-10-01T10:37:34.651482+00:00,,sha256:6fd97b8fdfa3a093,0.5,20261001T103734-98563d0d-0.5
sim-harmful-memory,SIM-00466,injected,false,2026-10-01T10:37:34.652661+00:00,,sha256:6fd97b8fdfa3a093,0.5,20261001T103734-98563d0d-0.5
sim-harmful-memory,SIM-00469,injected,false,2026-10-01T10:37:34.653716+00:00,,sha256:6fd97b8fdfa3a093,0.5,20261001T103734-98563d0d-0.5
sim-harmful-memory,SIM-00472,withheld,true,2026-10-01T10:37:34.654745+00:00,,sha256:6fd97b8fdfa3a093,0.5,20261001T103734-98563d0d-0.5
sim-harmful-memory,SIM-00475,withheld,false,2026-10-01T10:37:34.655806+00:00,,sha256:6fd97b8fdfa3a093,0.5,20261001T103734-98563d0d-0.5
sim-harmful-memory,SIM-00478,injected,false,2026-10-01T10:37:34.656960+00:00,,sha256:6fd97b8fdfa3a093,0.5,20261001T103734-98563d0d-0.5
sim-harmful-memory,SIM-00481,injected,false,2026-10-01T10:37:34.658035+00:00,,sha256:6fd97b8fdfa3a093,0.5,20261001T103734-98563d0d-0.5
sim-harmful-memory,SIM-00484,withheld,true,2026-10-01T10:37:34.659105+00:00,,sha256:6fd97b8fdfa3a093,0.5,20261001T103734-98563d0d-0.5
sim-harmful-memory,SIM-00487,withheld,false,2026-10-01T10:37:34.660147+00:00,,sha256:6fd97b8fdfa3a093,0.5,20261001T103734-98563d0d-0.5
sim-harmful-memory,SIM-00490,withheld,false,2026-10-01T10:37:34.661340+00:00,,sha256:6fd97b8fdfa3a093,0.5,20261001T103734-98563d0d-0.5
sim-harmful-memory,SIM-00493,injected,false,2026-10-01T10:37:34.662376+00:00,,sha256:6fd97b8fdfa3a093,0.5,20261001T103734-98563d0d-0.5
sim-harmful-memory,SIM-00496,injected,false,2026-10-01T10:37:34.663410+00:00,,sha256:6fd97b8fdfa3a093,0.5,20261001T103734-98563d0d-0.5
sim-harmful-memory,SIM-00499,injected,false,2026-10-01T10:37:34.664583+00:00,,sha256:6fd97b8fdfa3a093,0.5,20261001T103734-98563d0d-0.5
sim-harmful-memory,SIM-00502,withheld,true,2026-10-01T10:37:34.665742+00:00,,sha256:6fd97b8fdfa3a093,0.5,20261001T103734-98563d0d-0.5
sim-harmful-memory,SIM-00505,withheld,false,2026-10-01T10:37:34.666839+00:00,,sha256:6fd97b8fdfa3a093,0.5,20261001T103734-98563d0d-0.5
sim-harmful-memory,SIM-00508,withheld,true,2026-10-01T10:37:34.667883+00:00,,sha256:6fd97b8fdfa3a093,0.5,20261001T103734-98563d0d-0.5
sim-harmful-memory,SIM-00511,injected,false,2026-10-01T10:37:34.669011+00:00,,sha256:6fd97b8fdfa3a093,0.5,20261001T103734-98563d0d-0.5
sim-harmful-memory,SIM-00514,withheld,true,2026-10-01T10:37:34.670058+00:00,,sha256:6fd97b8fdfa3a093,0.5,20261001T103734-98563d0d-0.5
sim-harmful-memory,SIM-00517,injected,false,2026-10-01T10:37:34.671132+00:00,,sha256:6fd97b8fdfa3a093,0.5,20261001T103734-98563d0d-0.5
sim-harmful-memory,SIM-00520,withheld,true,2026-10-01T10:37:34.672217+00:00,,sha256:6fd97b8fdfa3a093,0.5,20261001T103734-98563d0d-0.5
sim-harmful-memory,SIM-00523,withheld,false,2026-10-01T10:37:34.673459+00:00,,sha256:6fd97b8fdfa3a093,0.5,20261001T103734-98563d0d-0.5
sim-harmful-memory,SIM-00526,injected,false,2026-10-01T10:37:34.674497+00:00,,sha256:6fd97b8fdfa3a093,0.5,20261001T103734-98563d0d-0.5
sim-harmful-memory,SIM-00529,injected,false,2026-10-01T10:37:34.675524+00:00,,sha256:6fd97b8fdfa3a093,0.5,20261001T103734-98563d0d-0.5
sim-harmful-memory,SIM-00532,injected,false,2026-10-01T10:37:34.676683+00:00,,sha256:6fd97b8fdfa3a093,0.5,20261001T103734-98563d0d-0.5
sim-harmful-memory,SIM-00535,withheld,false,2026-10-01T10:37:34.677769+00:00,,sha256:6fd97b8fdfa3a093,0.5,20261001T103734-98563d0d-0.5
sim-harmful-memory,SIM-00538,withheld,true,2026-10-01T10:37:34.678949+00:00,,sha256:6fd97b8fdfa3a093,0.5,20261001T103734-98563d0d-0.5
sim-harmful-memory,SIM-00541,injected,false,2026-10-01T10:37:34.680085+00:00,,sha256:6fd97b8fdfa3a093,0.5,20261001T103734-98563d0d-0.5
sim-harmful-memory,SIM-00544,injected,true,2026-10-01T10:37:34.681280+00:00,,sha256:6fd97b8fdfa3a093,0.5,20261001T103734-98563d0d-0.5
sim-harmful-memory,SIM-00547,injected,false,2026-10-01T10:37:34.682357+00:00,,sha256:6fd97b8fdfa3a093,0.5,20261001T103734-98563d0d-0.5
sim-harmful-memory,SIM-00550,withheld,true,2026-10-01T10:37:34.683405+00:00,,sha256:6fd97b8fdfa3a093,0.5,20261001T103734-98563d0d-0.5
sim-harmful-memory,SIM-00553,withheld,true,2026-10-01T10:37:34.684561+00:00,,sha256:6fd97b8fdfa3a093,0.5,20261001T103734-98563d0d-0.5
sim-harmful-memory,SIM-00556,withheld,false,2026-10-01T10:37:34.685637+00:00,,sha256:6fd97b8fdfa3a093,0.5,20261001T103734-98563d0d-0.5
sim-harmful-memory,SIM-00559,withheld,false,2026-10-01T10:37:34.686669+00:00,,sha256:6fd97b8fdfa3a093,0.5,20261001T103734-98563d0d-0.5
sim-harmful-memory,SIM-00562,injected,false,2026-10-01T10:37:34.687722+00:00,,sha256:6fd97b8fdfa3a093,0.5,20261001T103734-98563d0d-0.5
sim-harmful-memory,SIM-00565,withheld,false,2026-10-01T10:37:34.688973+00:00,,sha256:6fd97b8fdfa3a093,0.5,20261001T103734-98563d0d-0.5
sim-harmful-memory,SIM-00568,injected,false,2026-10-01T10:37:34.690026+00:00,,sha256:6fd97b8fdfa3a093,0.5,20261001T103734-98563d0d-0.5
sim-harmful-memory,SIM-00571,withheld,false,2026-10-01T10:37:34.691057+00:00,,sha256:6fd97b8fdfa3a093,0.5,20261001T103734-98563d0d-0.5
sim-harmful-memory,SIM-00574,injected,false,2026-10-01T10:37:34.692096+00:00,,sha256:6fd97b8fdfa3a093,0.5,20261001T103734-98563d0d-0.5
sim-harmful-memory,SIM-00577,withheld,false,2026-10-01T10:37:34.693280+00:00,,sha256:6fd97b8fdfa3a093,0.5,20261001T103734-98563d0d-0.5
sim-harmful-memory,SIM-00580,injected,true,2026-10-01T10:37:34.694315+00:00,,sha256:6fd97b8fdfa3a093,0.5,20261001T103734-98563d0d-0.5
sim-harmful-memory,SIM-00583,injected,false,2026-10-01T10:37:34.695361+00:00,,sha256:6fd97b8fdfa3a093,0.5,20261001T103734-98563d0d-0.5
sim-harmful-memory,SIM-00586,injected,false,2026-10-01T10:37:34.696556+00:00,,sha256:6fd97b8fdfa3a093,0.5,20261001T103734-98563d0d-0.5
sim-harmful-memory,SIM-00589,withheld,true,2026-10-01T10:37:34.697626+00:00,,sha256:6fd97b8fdfa3a093,0.5,20261001T103734-98563d0d-0.5
sim-harmful-memory,SIM-00592,injected,false,2026-10-01T10:37:34.698680+00:00,,sha256:6fd97b8fdfa3a093,0.5,20261001T103734-98563d0d-0.5
sim-harmful-memory,SIM-00595,injected,false,2026-10-01T10:37:34.699734+00:00,,sha256:6fd97b8fdfa3a093,0.5,20261001T103734-98563d0d-0.5
sim-harmful-memory,SIM-00598,injected,false,2026-10-01T10:37:34.700944+00:00,,sha256:6fd97b8fdfa3a093,0.5,20261001T103734-98563d0d-0.5
sim-harmful-memory,SIM-00601,injected,false,2026-10-01T10:37:34.702013+00:00,,sha256:6fd97b8fdfa3a093,0.5,20261001T103734-98563d0d-0.5
sim-harmful-memory,SIM-00604,injected,false,2026-10-01T10:37:34.703060+00:00,,sha256:6fd97b8fdfa3a093,0.5,20261001T103734-98563d0d-0.5
sim-harmful-memory,SIM-00607,injected,false,2026-10-01T10:37:34.704095+00:00,,sha256:6fd97b8fdfa3a093,0.5,20261001T103734-98563d0d-0.5
sim-harmful-memory,SIM-00610,withheld,false,2026-10-01T10:37:34.705266+00:00,,sha256:6fd97b8fdfa3a093,0.5,20261001T103734-98563d0d-0.5
sim-harmful-memory,SIM-00613,withheld,false,2026-10-01T10:37:34.706303+00:00,,sha256:6fd97b8fdfa3a093,0.5,20261001T103734-98563d0d-0.5
sim-harmful-memory,SIM-00616,injected,false,2026-10-01T10:37:34.707380+00:00,,sha256:6fd97b8fdfa3a093,0.5,20261001T103734-98563d0d-0.5
sim-harmful-memory,SIM-00619,injected,false,2026-10-01T10:37:34.708649+00:00,,sha256:6fd97b8fdfa3a093,0.5,20261001T103734-98563d0d-0.5
sim-harmful-memory,SIM-00622,withheld,true,2026-10-01T10:37:34.709725+00:00,,sha256:6fd97b8fdfa3a093,0.5,20261001T103734-98563d0d-0.5
sim-harmful-memory,SIM-00625,injected,false,2026-10-01T10:37:34.710820+00:00,,sha256:6fd97b8fdfa3a093,0.5,20261001T103734-98563d0d-0.5
sim-harmful-memory,SIM-00628,injected,false,2026-10-01T10:37:34.711856+00:00,,sha256:6fd97b8fdfa3a093,0.5,20261001T103734-98563d0d-0.5
sim-harmful-memory,SIM-00631,withheld,false,2026-10-01T10:37:34.713048+00:00,,sha256:6fd97b8fdfa3a093,0.5,20261001T103734-98563d0d-0.5
sim-harmful-memory,SIM-00634,withheld,true,2026-10-01T10:37:34.714124+00:00,,sha256:6fd97b8fdfa3a093,0.5,20261001T103734-98563d0d-0.5
sim-harmful-memory,SIM-00637,withheld,true,2026-10-01T10:37:34.715174+00:00,,sha256:6fd97b8fdfa3a093,0.5,20261001T103734-98563d0d-0.5
sim-harmful-memory,SIM-00640,injected,false,2026-10-01T10:37:34.716214+00:00,,sha256:6fd97b8fdfa3a093,0.5,20261001T103734-98563d0d-0.5
sim-harmful-memory,SIM-00643,injected,true,2026-10-01T10:37:34.717436+00:00,,sha256:6fd97b8fdfa3a093,0.5,20261001T103734-98563d0d-0.5
sim-harmful-memory,SIM-00646,injected,false,2026-10-01T10:37:34.718497+00:00,,sha256:6fd97b8fdfa3a093,0.5,20261001T103734-98563d0d-0.5
sim-harmful-memory,SIM-00649,injected,false,2026-10-01T10:37:34.719765+00:00,,sha256:6fd97b8fdfa3a093,0.5,20261001T103734-98563d0d-0.5
sim-harmful-memory,SIM-00652,injected,true,2026-10-01T10:37:34.721009+00:00,,sha256:6fd97b8fdfa3a093,0.5,20261001T103734-98563d0d-0.5
sim-harmful-memory,SIM-00655,injected,false,2026-10-01T10:37:34.722049+00:00,,sha256:6fd97b8fdfa3a093,0.5,20261001T103734-98563d0d-0.5
sim-harmful-memory,SIM-00658,injected,false,2026-10-01T10:37:34.723093+00:00,,sha256:6fd97b8fdfa3a093,0.5,20261001T103734-98563d0d-0.5
sim-harmful-memory,SIM-00661,withheld,true,2026-10-01T10:37:34.724129+00:00,,sha256:6fd97b8fdfa3a093,0.5,20261001T103734-98563d0d-0.5
sim-harmful-memory,SIM-00664,injected,true,2026-10-01T10:37:34.725337+00:00,,sha256:6fd97b8fdfa3a093,0.5,20261001T103734-98563d0d-0.5
sim-harmful-memory,SIM-00667,withheld,false,2026-10-01T10:37:34.726398+00:00,,sha256:6fd97b8fdfa3a093,0.5,20261001T103734-98563d0d-0.5
sim-harmful-memory,SIM-00670,injected,true,2026-10-01T10:37:34.727587+00:00,,sha256:6fd97b8fdfa3a093,0.5,20261001T103734-98563d0d-0.5
sim-harmful-memory,SIM-00673,withheld,true,2026-10-01T10:37:34.728838+00:00,,sha256:6fd97b8fdfa3a093,0.5,20261001T103734-98563d0d-0.5
sim-harmful-memory,SIM-00676,withheld,true,2026-10-01T10:37:34.729910+00:00,,sha256:6fd97b8fdfa3a093,0.5,20261001T103734-98563d0d-0.5
sim-harmful-memory,SIM-00679,injected,false,2026-10-01T10:37:34.730973+00:00,,sha256:6fd97b8fdfa3a093,0.5,20261001T103734-98563d0d-0.5
sim-harmful-memory,SIM-00682,injected,true,2026-10-01T10:37:34.732055+00:00,,sha256:6fd97b8fdfa3a093,0.5,20261001T103734-98563d0d-0.5
sim-harmful-memory,SIM-00685,withheld,true,2026-10-01T10:37:34.733280+00:00,,sha256:6fd97b8fdfa3a093,0.5,20261001T103734-98563d0d-0.5
sim-harmful-memory,SIM-00688,injected,true,2026-10-01T10:37:34.734312+00:00,,sha256:6fd97b8fdfa3a093,0.5,20261001T103734-98563d0d-0.5
sim-harmful-memory,SIM-00691,withheld,false,2026-10-01T10:37:34.735363+00:00,,sha256:6fd97b8fdfa3a093,0.5,20261001T103734-98563d0d-0.5
sim-harmful-memory,SIM-00694,injected,false,2026-10-01T10:37:34.736525+00:00,,sha256:6fd97b8fdfa3a093,0.5,20261001T103734-98563d0d-0.5
sim-harmful-memory,SIM-00697,injected,false,2026-10-01T10:37:34.737621+00:00,,sha256:6fd97b8fdfa3a093,0.5,20261001T103734-98563d0d-0.5
sim-harmful-memory,SIM-00700,withheld,true,2026-10-01T10:37:34.738712+00:00,,sha256:6fd97b8fdfa3a093,0.5,20261001T103734-98563d0d-0.5
sim-harmful-memory,SIM-00703,withheld,false,2026-10-01T10:37:34.739752+00:00,,sha256:6fd97b8fdfa3a093,0.5,20261001T103734-98563d0d-0.5
sim-harmful-memory,SIM-00706,withheld,true,2026-10-01T10:37:34.741037+00:00,,sha256:6fd97b8fdfa3a093,0.5,20261001T103734-98563d0d-0.5
sim-harmful-memory,SIM-00709,injected,false,2026-10-01T10:37:34.742299+00:00,,sha256:6fd97b8fdfa3a093,0.5,20261001T103734-98563d0d-0.5
sim-harmful-memory,SIM-00712,injected,false,2026-10-01T10:37:34.744641+00:00,,sha256:6fd97b8fdfa3a093,0.5,20261001T103734-98563d0d-0.5
sim-harmful-memory,SIM-00715,injected,false,2026-10-01T10:37:34.747987+00:00,,sha256:6fd97b8fdfa3a093,0.5,20261001T103734-98563d0d-0.5
sim-harmful-memory,SIM-00718,withheld,false,2026-10-01T10:37:34.749391+00:00,,sha256:6fd97b8fdfa3a093,0.5,20261001T103734-98563d0d-0.5
sim-harmful-memory,SIM-00721,withheld,false,2026-10-01T10:37:34.754192+00:00,,sha256:6fd97b8fdfa3a093,0.5,20261001T103734-98563d0d-0.5
sim-harmful-memory,SIM-00724,withheld,false,2026-10-01T10:37:34.755342+00:00,,sha256:6fd97b8fdfa3a093,0.5,20261001T103734-98563d0d-0.5
sim-harmful-memory,SIM-00727,withheld,false,2026-10-01T10:37:34.756567+00:00,,sha256:6fd97b8fdfa3a093,0.5,20261001T103734-98563d0d-0.5
sim-harmful-memory,SIM-00730,withheld,false,2026-10-01T10:37:34.757946+00:00,,sha256:6fd97b8fdfa3a093,0.5,20261001T103734-98563d0d-0.5
sim-harmful-memory,SIM-00733,withheld,true,2026-10-01T10:37:34.759090+00:00,,sha256:6fd97b8fdfa3a093,0.5,20261001T103734-98563d0d-0.5
sim-harmful-memory,SIM-00736,injected,false,2026-10-01T10:37:34.760193+00:00,,sha256:6fd97b8fdfa3a093,0.5,20261001T103734-98563d0d-0.5
sim-harmful-memory,SIM-00739,withheld,false,2026-10-01T10:37:34.761504+00:00,,sha256:6fd97b8fdfa3a093,0.5,20261001T103734-98563d0d-0.5
sim-harmful-memory,SIM-00742,injected,false,2026-10-01T10:37:34.763038+00:00,,sha256:6fd97b8fdfa3a093,0.5,20261001T103734-98563d0d-0.5
sim-harmful-memory,SIM-00745,withheld,true,2026-10-01T10:37:34.764187+00:00,,sha256:6fd97b8fdfa3a093,0.5,20261001T103734-98563d0d-0.5
sim-harmful-memory,SIM-00748,injected,false,2026-10-01T10:37:34.765409+00:00,,sha256:6fd97b8fdfa3a093,0.5,20261001T103734-98563d0d-0.5
sim-harmful-memory,SIM-00751,injected,false,2026-10-01T10:37:34.767022+00:00,,sha256:6fd97b8fdfa3a093,0.5,20261001T103734-98563d0d-0.5
sim-harmful-memory,SIM-00754,withheld,false,2026-10-01T10:37:34.768264+00:00,,sha256:6fd97b8fdfa3a093,0.5,20261001T103734-98563d0d-0.5
sim-harmful-memory,SIM-00757,withheld,false,2026-10-01T10:37:34.770812+00:00,,sha256:6fd97b8fdfa3a093,0.5,20261001T103734-98563d0d-0.5
sim-harmful-memory,SIM-00760,withheld,false,2026-10-01T10:37:34.771993+00:00,,sha256:6fd97b8fdfa3a093,0.5,20261001T103734-98563d0d-0.5
sim-harmful-memory,SIM-00763,injected,false,2026-10-01T10:37:34.773218+00:00,,sha256:6fd97b8fdfa3a093,0.5,20261001T103734-98563d0d-0.5
sim-harmful-memory,SIM-00766,withheld,false,2026-10-01T10:37:34.774461+00:00,,sha256:6fd97b8fdfa3a093,0.5,20261001T103734-98563d0d-0.5
sim-harmful-memory,SIM-00769,withheld,false,2026-10-01T10:37:34.775560+00:00,,sha256:6fd97b8fdfa3a093,0.5,20261001T103734-98563d0d-0.5
sim-harmful-memory,SIM-00772,withheld,false,2026-10-01T10:37:34.776896+00:00,,sha256:6fd97b8fdfa3a093,0.5,20261001T103734-98563d0d-0.5
sim-harmful-memory,SIM-00775,withheld,true,2026-10-01T10:37:34.778065+00:00,,sha256:6fd97b8fdfa3a093,0.5,20261001T103734-98563d0d-0.5
sim-harmful-memory,SIM-00778,injected,false,2026-10-01T10:37:34.779133+00:00,,sha256:6fd97b8fdfa3a093,0.5,20261001T103734-98563d0d-0.5
sim-harmful-memory,SIM-00781,withheld,true,2026-10-01T10:37:34.780207+00:00,,sha256:6fd97b8fdfa3a093,0.5,20261001T103734-98563d0d-0.5
sim-harmful-memory,SIM-00784,injected,true,2026-10-01T10:37:34.781423+00:00,,sha256:6fd97b8fdfa3a093,0.5,20261001T103734-98563d0d-0.5
sim-harmful-memory,SIM-00787,withheld,false,2026-10-01T10:37:34.782482+00:00,,sha256:6fd97b8fdfa3a093,0.5,20261001T103734-98563d0d-0.5
sim-harmful-memory,SIM-00790,withheld,true,2026-10-01T10:37:34.783534+00:00,,sha256:6fd97b8fdfa3a093,0.5,20261001T103734-98563d0d-0.5
sim-harmful-memory,SIM-00793,withheld,false,2026-10-01T10:37:34.784689+00:00,,sha256:6fd97b8fdfa3a093,0.5,20261001T103734-98563d0d-0.5
sim-harmful-memory,SIM-00796,withheld,false,2026-10-01T10:37:34.785737+00:00,,sha256:6fd97b8fdfa3a093,0.5,20261001T103734-98563d0d-0.5
sim-harmful-memory,SIM-00799,withheld,true,2026-10-01T10:37:34.787059+00:00,,sha256:6fd97b8fdfa3a093,0.5,20261001T103734-98563d0d-0.5
sim-harmful-memory,SIM-00802,withheld,false,2026-10-01T10:37:34.788206+00:00,,sha256:6fd97b8fdfa3a093,0.5,20261001T103734-98563d0d-0.5
sim-harmful-memory,SIM-00805,withheld,false,2026-10-01T10:37:34.789441+00:00,,sha256:6fd97b8fdfa3a093,0.5,20261001T103734-98563d0d-0.5
sim-harmful-memory,SIM-00808,injected,false,2026-10-01T10:37:34.790497+00:00,,sha256:6fd97b8fdfa3a093,0.5,20261001T103734-98563d0d-0.5
sim-harmful-memory,SIM-00811,withheld,false,2026-10-01T10:37:34.791727+00:00,,sha256:6fd97b8fdfa3a093,0.5,20261001T103734-98563d0d-0.5
sim-harmful-memory,SIM-00814,withheld,false,2026-10-01T10:37:34.793000+00:00,,sha256:6fd97b8fdfa3a093,0.5,20261001T103734-98563d0d-0.5
sim-harmful-memory,SIM-00817,withheld,false,2026-10-01T10:37:34.794140+00:00,,sha256:6fd97b8fdfa3a093,0.5,20261001T103734-98563d0d-0.5
sim-harmful-memory,SIM-00820,withheld,true,2026-10-01T10:37:34.795202+00:00,,sha256:6fd97b8fdfa3a093,0.5,20261001T103734-98563d0d-0.5
sim-harmful-memory,SIM-00823,withheld,true,2026-10-01T10:37:34.796257+00:00,,sha256:6fd97b8fdfa3a093,0.5,20261001T103734-98563d0d-0.5
sim-harmful-memory,SIM-00826,injected,true,2026-10-01T10:37:34.797532+00:00,,sha256:6fd97b8fdfa3a093,0.5,20261001T103734-98563d0d-0.5
sim-harmful-memory,SIM-00829,injected,false,2026-10-01T10:37:34.798648+00:00,,sha256:6fd97b8fdfa3a093,0.5,20261001T103734-98563d0d-0.5
sim-harmful-memory,SIM-00832,withheld,false,2026-10-01T10:37:34.800333+00:00,,sha256:6fd97b8fdfa3a093,0.5,20261001T103734-98563d0d-0.5
sim-harmful-memory,SIM-00835,injected,false,2026-10-01T10:37:34.801536+00:00,,sha256:6fd97b8fdfa3a093,0.5,20261001T103734-98563d0d-0.5
sim-harmful-memory,SIM-00838,withheld,true,2026-10-01T10:37:34.802606+00:00,,sha256:6fd97b8fdfa3a093,0.5,20261001T103734-98563d0d-0.5
sim-harmful-memory,SIM-00841,withheld,false,2026-10-01T10:37:34.803672+00:00,,sha256:6fd97b8fdfa3a093,0.5,20261001T103734-98563d0d-0.5
sim-harmful-memory,SIM-00844,withheld,false,2026-10-01T10:37:34.804861+00:00,,sha256:6fd97b8fdfa3a093,0.5,20261001T103734-98563d0d-0.5
sim-harmful-memory,SIM-00847,withheld,false,2026-10-01T10:37:34.805918+00:00,,sha256:6fd97b8fdfa3a093,0.5,20261001T103734-98563d0d-0.5
sim-harmful-memory,SIM-00850,injected,false,2026-10-01T10:37:34.807007+00:00,,sha256:6fd97b8fdfa3a093,0.5,20261001T103734-98563d0d-0.5
sim-harmful-memory,SIM-00853,injected,false,2026-10-01T10:37:34.808063+00:00,,sha256:6fd97b8fdfa3a093,0.5,20261001T103734-98563d0d-0.5
sim-harmful-memory,SIM-00856,withheld,false,2026-10-01T10:37:34.809331+00:00,,sha256:6fd97b8fdfa3a093,0.5,20261001T103734-98563d0d-0.5
sim-harmful-memory,SIM-00859,withheld,false,2026-10-01T10:37:34.810426+00:00,,sha256:6fd97b8fdfa3a093,0.5,20261001T103734-98563d0d-0.5
sim-harmful-memory,SIM-00862,injected,false,2026-10-01T10:37:34.811480+00:00,,sha256:6fd97b8fdfa3a093,0.5,20261001T103734-98563d0d-0.5
sim-harmful-memory,SIM-00865,withheld,true,2026-10-01T10:37:34.812657+00:00,,sha256:6fd97b8fdfa3a093,0.5,20261001T103734-98563d0d-0.5
sim-harmful-memory,SIM-00868,injected,false,2026-10-01T10:37:34.813706+00:00,,sha256:6fd97b8fdfa3a093,0.5,20261001T103734-98563d0d-0.5
sim-harmful-memory,SIM-00871,injected,false,2026-10-01T10:37:34.814752+00:00,,sha256:6fd97b8fdfa3a093,0.5,20261001T103734-98563d0d-0.5
sim-harmful-memory,SIM-00874,injected,false,2026-10-01T10:37:34.815853+00:00,,sha256:6fd97b8fdfa3a093,0.5,20261001T103734-98563d0d-0.5
sim-harmful-memory,SIM-00877,injected,false,2026-10-01T10:37:34.817132+00:00,,sha256:6fd97b8fdfa3a093,0.5,20261001T103734-98563d0d-0.5
sim-harmful-memory,SIM-00880,injected,false,2026-10-01T10:37:34.818218+00:00,,sha256:6fd97b8fdfa3a093,0.5,20261001T103734-98563d0d-0.5
sim-harmful-memory,SIM-00883,withheld,false,2026-10-01T10:37:34.819284+00:00,,sha256:6fd97b8fdfa3a093,0.5,20261001T103734-98563d0d-0.5
sim-harmful-memory,SIM-00886,withheld,false,2026-10-01T10:37:34.820459+00:00,,sha256:6fd97b8fdfa3a093,0.5,20261001T103734-98563d0d-0.5
sim-harmful-memory,SIM-00889,withheld,false,2026-10-01T10:37:34.821532+00:00,,sha256:6fd97b8fdfa3a093,0.5,20261001T103734-98563d0d-0.5
sim-harmful-memory,SIM-00892,withheld,true,2026-10-01T10:37:34.822593+00:00,,sha256:6fd97b8fdfa3a093,0.5,20261001T103734-98563d0d-0.5
sim-harmful-memory,SIM-00895,injected,true,2026-10-01T10:37:34.823632+00:00,,sha256:6fd97b8fdfa3a093,0.5,20261001T103734-98563d0d-0.5
sim-harmful-memory,SIM-00898,withheld,false,2026-10-01T10:37:34.824914+00:00,,sha256:6fd97b8fdfa3a093,0.5,20261001T103734-98563d0d-0.5
sim-harmful-memory,SIM-00901,injected,false,2026-10-01T10:37:34.825983+00:00,,sha256:6fd97b8fdfa3a093,0.5,20261001T103734-98563d0d-0.5
sim-harmful-memory,SIM-00904,injected,false,2026-10-01T10:37:34.827036+00:00,,sha256:6fd97b8fdfa3a093,0.5,20261001T103734-98563d0d-0.5
sim-harmful-memory,SIM-00907,withheld,false,2026-10-01T10:37:34.828154+00:00,,sha256:6fd97b8fdfa3a093,0.5,20261001T103734-98563d0d-0.5
sim-harmful-memory,SIM-00910,injected,false,2026-10-01T10:37:34.829290+00:00,,sha256:6fd97b8fdfa3a093,0.5,20261001T103734-98563d0d-0.5
sim-harmful-memory,SIM-00913,withheld,false,2026-10-01T10:37:34.830414+00:00,,sha256:6fd97b8fdfa3a093,0.5,20261001T103734-98563d0d-0.5
sim-harmful-memory,SIM-00916,injected,false,2026-10-01T10:37:34.831479+00:00,,sha256:6fd97b8fdfa3a093,0.5,20261001T103734-98563d0d-0.5
sim-harmful-memory,SIM-00919,injected,false,2026-10-01T10:37:34.832677+00:00,,sha256:6fd97b8fdfa3a093,0.5,20261001T103734-98563d0d-0.5
sim-harmful-memory,SIM-00922,injected,false,2026-10-01T10:37:34.833728+00:00,,sha256:6fd97b8fdfa3a093,0.5,20261001T103734-98563d0d-0.5
sim-harmful-memory,SIM-00925,withheld,true,2026-10-01T10:37:34.834819+00:00,,sha256:6fd97b8fdfa3a093,0.5,20261001T103734-98563d0d-0.5
sim-harmful-memory,SIM-00928,withheld,false,2026-10-01T10:37:34.835876+00:00,,sha256:6fd97b8fdfa3a093,0.5,20261001T103734-98563d0d-0.5
sim-harmful-memory,SIM-00931,injected,false,2026-10-01T10:37:34.837037+00:00,,sha256:6fd97b8fdfa3a093,0.5,20261001T103734-98563d0d-0.5
sim-harmful-memory,SIM-00934,injected,false,2026-10-01T10:37:34.838271+00:00,,sha256:6fd97b8fdfa3a093,0.5,20261001T103734-98563d0d-0.5
sim-harmful-memory,SIM-00937,injected,false,2026-10-01T10:37:34.839321+00:00,,sha256:6fd97b8fdfa3a093,0.5,20261001T103734-98563d0d-0.5
sim-harmful-memory,SIM-00940,withheld,false,2026-10-01T10:37:34.840504+00:00,,sha256:6fd97b8fdfa3a093,0.5,20261001T103734-98563d0d-0.5
sim-harmful-memory,SIM-00943,injected,false,2026-10-01T10:37:34.841718+00:00,,sha256:6fd97b8fdfa3a093,0.5,20261001T103734-98563d0d-0.5
sim-harmful-memory,SIM-00946,injected,false,2026-10-01T10:37:34.843039+00:00,,sha256:6fd97b8fdfa3a093,0.5,20261001T103734-98563d0d-0.5
sim-harmful-memory,SIM-00949,injected,false,2026-10-01T10:37:34.844197+00:00,,sha256:6fd97b8fdfa3a093,0.5,20261001T103734-98563d0d-0.5
sim-harmful-memory,SIM-00952,injected,true,2026-10-01T10:37:34.845379+00:00,,sha256:6fd97b8fdfa3a093,0.5,20261001T103734-98563d0d-0.5
sim-harmful-memory,SIM-00955,injected,true,2026-10-01T10:37:34.846575+00:00,,sha256:6fd97b8fdfa3a093,0.5,20261001T103734-98563d0d-0.5
sim-harmful-memory,SIM-00958,withheld,true,2026-10-01T10:37:34.847639+00:00,,sha256:6fd97b8fdfa3a093,0.5,20261001T103734-98563d0d-0.5
sim-harmful-memory,SIM-00961,injected,false,2026-10-01T10:37:34.848961+00:00,,sha256:6fd97b8fdfa3a093,0.5,20261001T103734-98563d0d-0.5
sim-harmful-memory,SIM-00964,withheld,false,2026-10-01T10:37:34.850044+00:00,,sha256:6fd97b8fdfa3a093,0.5,20261001T103734-98563d0d-0.5
sim-harmful-memory,SIM-00967,injected,false,2026-10-01T10:37:34.851119+00:00,,sha256:6fd97b8fdfa3a093,0.5,20261001T103734-98563d0d-0.5
sim-harmful-memory,SIM-00970,injected,false,2026-10-01T10:37:34.852211+00:00,,sha256:6fd97b8fdfa3a093,0.5,20261001T103734-98563d0d-0.5
sim-harmful-memory,SIM-00973,injected,false,2026-10-01T10:37:34.853371+00:00,,sha256:6fd97b8fdfa3a093,0.5,20261001T103734-98563d0d-0.5
sim-harmful-memory,SIM-00976,injected,true,2026-10-01T10:37:34.854412+00:00,,sha256:6fd97b8fdfa3a093,0.5,20261001T103734-98563d0d-0.5
sim-harmful-memory,SIM-00979,withheld,true,2026-10-01T10:37:34.855658+00:00,,sha256:6fd97b8fdfa3a093,0.5,20261001T103734-98563d0d-0.5
sim-harmful-memory,SIM-00982,withheld,false,2026-10-01T10:37:34.856988+00:00,,sha256:6fd97b8fdfa3a093,0.5,20261001T103734-98563d0d-0.5
sim-harmful-memory,SIM-00985,withheld,true,2026-10-01T10:37:34.858097+00:00,,sha256:6fd97b8fdfa3a093,0.5,20261001T103734-98563d0d-0.5
sim-harmful-memory,SIM-00988,withheld,false,2026-10-01T10:37:34.859163+00:00,,sha256:6fd97b8fdfa3a093,0.5,20261001T103734-98563d0d-0.5
sim-helpful-memory,SIM-00000,injected,true,2026-10-01T10:37:34.479321+00:00,,sha256:81934f6f5efd7919,0.5,20261001T103734-98563d0d-0.5
sim-helpful-memory,SIM-00003,withheld,true,2026-10-01T10:37:34.480707+00:00,,sha256:81934f6f5efd7919,0.5,20261001T103734-98563d0d-0.5
sim-helpful-memory,SIM-00006,withheld,true,2026-10-01T10:37:34.481931+00:00,,sha256:81934f6f5efd7919,0.5,20261001T103734-98563d0d-0.5
sim-helpful-memory,SIM-00009,injected,false,2026-10-01T10:37:34.483053+00:00,,sha256:81934f6f5efd7919,0.5,20261001T103734-98563d0d-0.5
sim-helpful-memory,SIM-00012,withheld,true,2026-10-01T10:37:34.484138+00:00,,sha256:81934f6f5efd7919,0.5,20261001T103734-98563d0d-0.5
sim-helpful-memory,SIM-00015,injected,true,2026-10-01T10:37:34.485310+00:00,,sha256:81934f6f5efd7919,0.5,20261001T103734-98563d0d-0.5
sim-helpful-memory,SIM-00018,withheld,false,2026-10-01T10:37:34.486445+00:00,,sha256:81934f6f5efd7919,0.5,20261001T103734-98563d0d-0.5
sim-helpful-memory,SIM-00021,injected,true,2026-10-01T10:37:34.487583+00:00,,sha256:81934f6f5efd7919,0.5,20261001T103734-98563d0d-0.5
sim-helpful-memory,SIM-00024,withheld,false,2026-10-01T10:37:34.488758+00:00,,sha256:81934f6f5efd7919,0.5,20261001T103734-98563d0d-0.5
sim-helpful-memory,SIM-00027,injected,true,2026-10-01T10:37:34.490096+00:00,,sha256:81934f6f5efd7919,0.5,20261001T103734-98563d0d-0.5
sim-helpful-memory,SIM-00030,injected,true,2026-10-01T10:37:34.491344+00:00,,sha256:81934f6f5efd7919,0.5,20261001T103734-98563d0d-0.5
sim-helpful-memory,SIM-00033,withheld,true,2026-10-01T10:37:34.492562+00:00,,sha256:81934f6f5efd7919,0.5,20261001T103734-98563d0d-0.5
sim-helpful-memory,SIM-00036,withheld,false,2026-10-01T10:37:34.493721+00:00,,sha256:81934f6f5efd7919,0.5,20261001T103734-98563d0d-0.5
sim-helpful-memory,SIM-00039,withheld,false,2026-10-01T10:37:34.494854+00:00,,sha256:81934f6f5efd7919,0.5,20261001T103734-98563d0d-0.5
sim-helpful-memory,SIM-00042,withheld,false,2026-10-01T10:37:34.495957+00:00,,sha256:81934f6f5efd7919,0.5,20261001T103734-98563d0d-0.5
sim-helpful-memory,SIM-00045,withheld,false,2026-10-01T10:37:34.497146+00:00,,sha256:81934f6f5efd7919,0.5,20261001T103734-98563d0d-0.5
sim-helpful-memory,SIM-00048,withheld,true,2026-10-01T10:37:34.498233+00:00,,sha256:81934f6f5efd7919,0.5,20261001T103734-98563d0d-0.5
sim-helpful-memory,SIM-00051,injected,true,2026-10-01T10:37:34.499311+00:00,,sha256:81934f6f5efd7919,0.5,20261001T103734-98563d0d-0.5
sim-helpful-memory,SIM-00054,withheld,false,2026-10-01T10:37:34.500569+00:00,,sha256:81934f6f5efd7919,0.5,20261001T103734-98563d0d-0.5
sim-helpful-memory,SIM-00057,injected,true,2026-10-01T10:37:34.501630+00:00,,sha256:81934f6f5efd7919,0.5,20261001T103734-98563d0d-0.5
sim-helpful-memory,SIM-00060,injected,false,2026-10-01T10:37:34.502683+00:00,,sha256:81934f6f5efd7919,0.5,20261001T103734-98563d0d-0.5
sim-helpful-memory,SIM-00063,injected,false,2026-10-01T10:37:34.503733+00:00,,sha256:81934f6f5efd7919,0.5,20261001T103734-98563d0d-0.5
sim-helpful-memory,SIM-00066,withheld,true,2026-10-01T10:37:34.504965+00:00,,sha256:81934f6f5efd7919,0.5,20261001T103734-98563d0d-0.5
sim-helpful-memory,SIM-00069,injected,true,2026-10-01T10:37:34.506027+00:00,,sha256:81934f6f5efd7919,0.5,20261001T103734-98563d0d-0.5
sim-helpful-memory,SIM-00072,injected,false,2026-10-01T10:37:34.507060+00:00,,sha256:81934f6f5efd7919,0.5,20261001T103734-98563d0d-0.5
sim-helpful-memory,SIM-00075,withheld,true,2026-10-01T10:37:34.508112+00:00,,sha256:81934f6f5efd7919,0.5,20261001T103734-98563d0d-0.5
sim-helpful-memory,SIM-00078,withheld,true,2026-10-01T10:37:34.509278+00:00,,sha256:81934f6f5efd7919,0.5,20261001T103734-98563d0d-0.5
sim-helpful-memory,SIM-00081,withheld,true,2026-10-01T10:37:34.510312+00:00,,sha256:81934f6f5efd7919,0.5,20261001T103734-98563d0d-0.5
sim-helpful-memory,SIM-00084,injected,true,2026-10-01T10:37:34.511381+00:00,,sha256:81934f6f5efd7919,0.5,20261001T103734-98563d0d-0.5
sim-helpful-memory,SIM-00087,withheld,true,2026-10-01T10:37:34.512618+00:00,,sha256:81934f6f5efd7919,0.5,20261001T103734-98563d0d-0.5
sim-helpful-memory,SIM-00090,withheld,true,2026-10-01T10:37:34.513665+00:00,,sha256:81934f6f5efd7919,0.5,20261001T103734-98563d0d-0.5
sim-helpful-memory,SIM-00093,withheld,false,2026-10-01T10:37:34.514721+00:00,,sha256:81934f6f5efd7919,0.5,20261001T103734-98563d0d-0.5
sim-helpful-memory,SIM-00096,withheld,false,2026-10-01T10:37:34.515751+00:00,,sha256:81934f6f5efd7919,0.5,20261001T103734-98563d0d-0.5
sim-helpful-memory,SIM-00099,injected,true,2026-10-01T10:37:34.517121+00:00,,sha256:81934f6f5efd7919,0.5,20261001T103734-98563d0d-0.5
sim-helpful-memory,SIM-00102,injected,false,2026-10-01T10:37:34.518268+00:00,,sha256:81934f6f5efd7919,0.5,20261001T103734-98563d0d-0.5
sim-helpful-memory,SIM-00105,withheld,false,2026-10-01T10:37:34.519304+00:00,,sha256:81934f6f5efd7919,0.5,20261001T103734-98563d0d-0.5
sim-helpful-memory,SIM-00108,injected,true,2026-10-01T10:37:34.520506+00:00,,sha256:81934f6f5efd7919,0.5,20261001T103734-98563d0d-0.5
sim-helpful-memory,SIM-00111,withheld,false,2026-10-01T10:37:34.521574+00:00,,sha256:81934f6f5efd7919,0.5,20261001T103734-98563d0d-0.5
sim-helpful-memory,SIM-00114,withheld,true,2026-10-01T10:37:34.522597+00:00,,sha256:81934f6f5efd7919,0.5,20261001T103734-98563d0d-0.5
sim-helpful-memory,SIM-00117,withheld,true,2026-10-01T10:37:34.523633+00:00,,sha256:81934f6f5efd7919,0.5,20261001T103734-98563d0d-0.5
sim-helpful-memory,SIM-00120,injected,true,2026-10-01T10:37:34.524832+00:00,,sha256:81934f6f5efd7919,0.5,20261001T103734-98563d0d-0.5
sim-helpful-memory,SIM-00123,withheld,true,2026-10-01T10:37:34.525889+00:00,,sha256:81934f6f5efd7919,0.5,20261001T103734-98563d0d-0.5
sim-helpful-memory,SIM-00126,injected,true,2026-10-01T10:37:34.527056+00:00,,sha256:81934f6f5efd7919,0.5,20261001T103734-98563d0d-0.5
sim-helpful-memory,SIM-00129,injected,true,2026-10-01T10:37:34.528240+00:00,,sha256:81934f6f5efd7919,0.5,20261001T103734-98563d0d-0.5
sim-helpful-memory,SIM-00132,withheld,true,2026-10-01T10:37:34.529525+00:00,,sha256:81934f6f5efd7919,0.5,20261001T103734-98563d0d-0.5
sim-helpful-memory,SIM-00135,withheld,true,2026-10-01T10:37:34.530627+00:00,,sha256:81934f6f5efd7919,0.5,20261001T103734-98563d0d-0.5
sim-helpful-memory,SIM-00138,injected,false,2026-10-01T10:37:34.531885+00:00,,sha256:81934f6f5efd7919,0.5,20261001T103734-98563d0d-0.5
sim-helpful-memory,SIM-00141,injected,true,2026-10-01T10:37:34.533089+00:00,,sha256:81934f6f5efd7919,0.5,20261001T103734-98563d0d-0.5
sim-helpful-memory,SIM-00144,withheld,true,2026-10-01T10:37:34.534152+00:00,,sha256:81934f6f5efd7919,0.5,20261001T103734-98563d0d-0.5
sim-helpful-memory,SIM-00147,injected,true,2026-10-01T10:37:34.535243+00:00,,sha256:81934f6f5efd7919,0.5,20261001T103734-98563d0d-0.5
sim-helpful-memory,SIM-00150,injected,false,2026-10-01T10:37:34.536558+00:00,,sha256:81934f6f5efd7919,0.5,20261001T103734-98563d0d-0.5
sim-helpful-memory,SIM-00153,withheld,true,2026-10-01T10:37:34.537658+00:00,,sha256:81934f6f5efd7919,0.5,20261001T103734-98563d0d-0.5
sim-helpful-memory,SIM-00156,withheld,true,2026-10-01T10:37:34.538739+00:00,,sha256:81934f6f5efd7919,0.5,20261001T103734-98563d0d-0.5
sim-helpful-memory,SIM-00159,injected,true,2026-10-01T10:37:34.539851+00:00,,sha256:81934f6f5efd7919,0.5,20261001T103734-98563d0d-0.5
sim-helpful-memory,SIM-00162,injected,true,2026-10-01T10:37:34.541043+00:00,,sha256:81934f6f5efd7919,0.5,20261001T103734-98563d0d-0.5
sim-helpful-memory,SIM-00165,injected,false,2026-10-01T10:37:34.542094+00:00,,sha256:81934f6f5efd7919,0.5,20261001T103734-98563d0d-0.5
sim-helpful-memory,SIM-00168,withheld,false,2026-10-01T10:37:34.543163+00:00,,sha256:81934f6f5efd7919,0.5,20261001T103734-98563d0d-0.5
sim-helpful-memory,SIM-00171,injected,true,2026-10-01T10:37:34.544230+00:00,,sha256:81934f6f5efd7919,0.5,20261001T103734-98563d0d-0.5
sim-helpful-memory,SIM-00174,withheld,true,2026-10-01T10:37:34.545445+00:00,,sha256:81934f6f5efd7919,0.5,20261001T103734-98563d0d-0.5
sim-helpful-memory,SIM-00177,withheld,true,2026-10-01T10:37:34.546489+00:00,,sha256:81934f6f5efd7919,0.5,20261001T103734-98563d0d-0.5
sim-helpful-memory,SIM-00180,withheld,true,2026-10-01T10:37:34.547522+00:00,,sha256:81934f6f5efd7919,0.5,20261001T103734-98563d0d-0.5
sim-helpful-memory,SIM-00183,withheld,false,2026-10-01T10:37:34.548714+00:00,,sha256:81934f6f5efd7919,0.5,20261001T103734-98563d0d-0.5
sim-helpful-memory,SIM-00186,injected,true,2026-10-01T10:37:34.549758+00:00,,sha256:81934f6f5efd7919,0.5,20261001T103734-98563d0d-0.5
sim-helpful-memory,SIM-00189,withheld,true,2026-10-01T10:37:34.550834+00:00,,sha256:81934f6f5efd7919,0.5,20261001T103734-98563d0d-0.5
sim-helpful-memory,SIM-00192,injected,true,2026-10-01T10:37:34.552016+00:00,,sha256:81934f6f5efd7919,0.5,20261001T103734-98563d0d-0.5
sim-helpful-memory,SIM-00195,injected,true,2026-10-01T10:37:34.553247+00:00,,sha256:81934f6f5efd7919,0.5,20261001T103734-98563d0d-0.5
sim-helpful-memory,SIM-00198,injected,true,2026-10-01T10:37:34.554277+00:00,,sha256:81934f6f5efd7919,0.5,20261001T103734-98563d0d-0.5
sim-helpful-memory,SIM-00201,withheld,false,2026-10-01T10:37:34.555321+00:00,,sha256:81934f6f5efd7919,0.5,20261001T103734-98563d0d-0.5
sim-helpful-memory,SIM-00204,withheld,false,2026-10-01T10:37:34.556423+00:00,,sha256:81934f6f5efd7919,0.5,20261001T103734-98563d0d-0.5
sim-helpful-memory,SIM-00207,withheld,true,2026-10-01T10:37:34.557492+00:00,,sha256:81934f6f5efd7919,0.5,20261001T103734-98563d0d-0.5
sim-helpful-memory,SIM-00210,withheld,true,2026-10-01T10:37:34.558553+00:00,,sha256:81934f6f5efd7919,0.5,20261001T103734-98563d0d-0.5
sim-helpful-memory,SIM-00213,injected,true,2026-10-01T10:37:34.559580+00:00,,sha256:81934f6f5efd7919,0.5,20261001T103734-98563d0d-0.5
sim-helpful-memory,SIM-00216,withheld,true,2026-10-01T10:37:34.560757+00:00,,sha256:81934f6f5efd7919,0.5,20261001T103734-98563d0d-0.5
sim-helpful-memory,SIM-00219,injected,true,2026-10-01T10:37:34.561917+00:00,,sha256:81934f6f5efd7919,0.5,20261001T103734-98563d0d-0.5
sim-helpful-memory,SIM-00222,injected,true,2026-10-01T10:37:34.562962+00:00,,sha256:81934f6f5efd7919,0.5,20261001T103734-98563d0d-0.5
sim-helpful-memory,SIM-00225,injected,false,2026-10-01T10:37:34.564008+00:00,,sha256:81934f6f5efd7919,0.5,20261001T103734-98563d0d-0.5
sim-helpful-memory,SIM-00228,withheld,true,2026-10-01T10:37:34.565177+00:00,,sha256:81934f6f5efd7919,0.5,20261001T103734-98563d0d-0.5
sim-helpful-memory,SIM-00231,withheld,true,2026-10-01T10:37:34.566213+00:00,,sha256:81934f6f5efd7919,0.5,20261001T103734-98563d0d-0.5
sim-helpful-memory,SIM-00234,injected,false,2026-10-01T10:37:34.567260+00:00,,sha256:81934f6f5efd7919,0.5,20261001T103734-98563d0d-0.5
sim-helpful-memory,SIM-00237,injected,true,2026-10-01T10:37:34.568303+00:00,,sha256:81934f6f5efd7919,0.5,20261001T103734-98563d0d-0.5
sim-helpful-memory,SIM-00240,injected,true,2026-10-01T10:37:34.569484+00:00,,sha256:81934f6f5efd7919,0.5,20261001T103734-98563d0d-0.5
sim-helpful-memory,SIM-00243,withheld,true,2026-10-01T10:37:34.570520+00:00,,sha256:81934f6f5efd7919,0.5,20261001T103734-98563d0d-0.5
sim-helpful-memory,SIM-00246,injected,true,2026-10-01T10:37:34.571588+00:00,,sha256:81934f6f5efd7919,0.5,20261001T103734-98563d0d-0.5
sim-helpful-memory,SIM-00249,injected,true,2026-10-01T10:37:34.572742+00:00,,sha256:81934f6f5efd7919,0.5,20261001T103734-98563d0d-0.5
sim-helpful-memory,SIM-00252,withheld,false,2026-10-01T10:37:34.573851+00:00,,sha256:81934f6f5efd7919,0.5,20261001T103734-98563d0d-0.5
sim-helpful-memory,SIM-00255,withheld,false,2026-10-01T10:37:34.574914+00:00,,sha256:81934f6f5efd7919,0.5,20261001T103734-98563d0d-0.5
sim-helpful-memory,SIM-00258,injected,true,2026-10-01T10:37:34.575947+00:00,,sha256:81934f6f5efd7919,0.5,20261001T103734-98563d0d-0.5
sim-helpful-memory,SIM-00261,injected,true,2026-10-01T10:37:34.577144+00:00,,sha256:81934f6f5efd7919,0.5,20261001T103734-98563d0d-0.5
sim-helpful-memory,SIM-00264,withheld,false,2026-10-01T10:37:34.578195+00:00,,sha256:81934f6f5efd7919,0.5,20261001T103734-98563d0d-0.5
sim-helpful-memory,SIM-00267,injected,false,2026-10-01T10:37:34.579263+00:00,,sha256:81934f6f5efd7919,0.5,20261001T103734-98563d0d-0.5
sim-helpful-memory,SIM-00270,withheld,true,2026-10-01T10:37:34.580295+00:00,,sha256:81934f6f5efd7919,0.5,20261001T103734-98563d0d-0.5
sim-helpful-memory,SIM-00273,injected,true,2026-10-01T10:37:34.581465+00:00,,sha256:81934f6f5efd7919,0.5,20261001T103734-98563d0d-0.5
sim-helpful-memory,SIM-00276,injected,true,2026-10-01T10:37:34.582505+00:00,,sha256:81934f6f5efd7919,0.5,20261001T103734-98563d0d-0.5
sim-helpful-memory,SIM-00279,withheld,true,2026-10-01T10:37:34.583579+00:00,,sha256:81934f6f5efd7919,0.5,20261001T103734-98563d0d-0.5
sim-helpful-memory,SIM-00282,injected,true,2026-10-01T10:37:34.584721+00:00,,sha256:81934f6f5efd7919,0.5,20261001T103734-98563d0d-0.5
sim-helpful-memory,SIM-00285,injected,true,2026-10-01T10:37:34.585815+00:00,,sha256:81934f6f5efd7919,0.5,20261001T103734-98563d0d-0.5
sim-helpful-memory,SIM-00288,injected,false,2026-10-01T10:37:34.586887+00:00,,sha256:81934f6f5efd7919,0.5,20261001T103734-98563d0d-0.5
sim-helpful-memory,SIM-00291,injected,true,2026-10-01T10:37:34.587923+00:00,,sha256:81934f6f5efd7919,0.5,20261001T103734-98563d0d-0.5
sim-helpful-memory,SIM-00294,withheld,false,2026-10-01T10:37:34.589204+00:00,,sha256:81934f6f5efd7919,0.5,20261001T103734-98563d0d-0.5
sim-helpful-memory,SIM-00297,withheld,false,2026-10-01T10:37:34.590234+00:00,,sha256:81934f6f5efd7919,0.5,20261001T103734-98563d0d-0.5
sim-helpful-memory,SIM-00300,withheld,true,2026-10-01T10:37:34.591461+00:00,,sha256:81934f6f5efd7919,0.5,20261001T103734-98563d0d-0.5
sim-helpful-memory,SIM-00303,injected,true,2026-10-01T10:37:34.592648+00:00,,sha256:81934f6f5efd7919,0.5,20261001T103734-98563d0d-0.5
sim-helpful-memory,SIM-00306,withheld,true,2026-10-01T10:37:34.593729+00:00,,sha256:81934f6f5efd7919,0.5,20261001T103734-98563d0d-0.5
sim-helpful-memory,SIM-00309,injected,true,2026-10-01T10:37:34.594873+00:00,,sha256:81934f6f5efd7919,0.5,20261001T103734-98563d0d-0.5
sim-helpful-memory,SIM-00312,withheld,false,2026-10-01T10:37:34.595928+00:00,,sha256:81934f6f5efd7919,0.5,20261001T103734-98563d0d-0.5
sim-helpful-memory,SIM-00315,withheld,false,2026-10-01T10:37:34.597156+00:00,,sha256:81934f6f5efd7919,0.5,20261001T103734-98563d0d-0.5
sim-helpful-memory,SIM-00318,withheld,true,2026-10-01T10:37:34.598249+00:00,,sha256:81934f6f5efd7919,0.5,20261001T103734-98563d0d-0.5
sim-helpful-memory,SIM-00321,injected,true,2026-10-01T10:37:34.599294+00:00,,sha256:81934f6f5efd7919,0.5,20261001T103734-98563d0d-0.5
sim-helpful-memory,SIM-00324,injected,true,2026-10-01T10:37:34.600323+00:00,,sha256:81934f6f5efd7919,0.5,20261001T103734-98563d0d-0.5
sim-helpful-memory,SIM-00327,withheld,true,2026-10-01T10:37:34.601465+00:00,,sha256:81934f6f5efd7919,0.5,20261001T103734-98563d0d-0.5
sim-helpful-memory,SIM-00330,withheld,true,2026-10-01T10:37:34.602506+00:00,,sha256:81934f6f5efd7919,0.5,20261001T103734-98563d0d-0.5
sim-helpful-memory,SIM-00333,withheld,true,2026-10-01T10:37:34.603558+00:00,,sha256:81934f6f5efd7919,0.5,20261001T103734-98563d0d-0.5
sim-helpful-memory,SIM-00336,injected,true,2026-10-01T10:37:34.604834+00:00,,sha256:81934f6f5efd7919,0.5,20261001T103734-98563d0d-0.5
sim-helpful-memory,SIM-00339,injected,false,2026-10-01T10:37:34.605898+00:00,,sha256:81934f6f5efd7919,0.5,20261001T103734-98563d0d-0.5
sim-helpful-memory,SIM-00342,withheld,true,2026-10-01T10:37:34.606935+00:00,,sha256:81934f6f5efd7919,0.5,20261001T103734-98563d0d-0.5
sim-helpful-memory,SIM-00345,injected,false,2026-10-01T10:37:34.607986+00:00,,sha256:81934f6f5efd7919,0.5,20261001T103734-98563d0d-0.5
sim-helpful-memory,SIM-00348,withheld,true,2026-10-01T10:37:34.609164+00:00,,sha256:81934f6f5efd7919,0.5,20261001T103734-98563d0d-0.5
sim-helpful-memory,SIM-00351,withheld,false,2026-10-01T10:37:34.610308+00:00,,sha256:81934f6f5efd7919,0.5,20261001T103734-98563d0d-0.5
sim-helpful-memory,SIM-00354,withheld,false,2026-10-01T10:37:34.611376+00:00,,sha256:81934f6f5efd7919,0.5,20261001T103734-98563d0d-0.5
sim-helpful-memory,SIM-00357,withheld,true,2026-10-01T10:37:34.612623+00:00,,sha256:81934f6f5efd7919,0.5,20261001T103734-98563d0d-0.5
sim-helpful-memory,SIM-00360,withheld,false,2026-10-01T10:37:34.613678+00:00,,sha256:81934f6f5efd7919,0.5,20261001T103734-98563d0d-0.5
sim-helpful-memory,SIM-00363,injected,false,2026-10-01T10:37:34.614752+00:00,,sha256:81934f6f5efd7919,0.5,20261001T103734-98563d0d-0.5
sim-helpful-memory,SIM-00366,injected,true,2026-10-01T10:37:34.615844+00:00,,sha256:81934f6f5efd7919,0.5,20261001T103734-98563d0d-0.5
sim-helpful-memory,SIM-00369,injected,true,2026-10-01T10:37:34.617020+00:00,,sha256:81934f6f5efd7919,0.5,20261001T103734-98563d0d-0.5
sim-helpful-memory,SIM-00372,withheld,true,2026-10-01T10:37:34.618086+00:00,,sha256:81934f6f5efd7919,0.5,20261001T103734-98563d0d-0.5
sim-helpful-memory,SIM-00375,withheld,true,2026-10-01T10:37:34.619148+00:00,,sha256:81934f6f5efd7919,0.5,20261001T103734-98563d0d-0.5
sim-helpful-memory,SIM-00378,injected,true,2026-10-01T10:37:34.620197+00:00,,sha256:81934f6f5efd7919,0.5,20261001T103734-98563d0d-0.5
sim-helpful-memory,SIM-00381,injected,true,2026-10-01T10:37:34.621438+00:00,,sha256:81934f6f5efd7919,0.5,20261001T103734-98563d0d-0.5
sim-helpful-memory,SIM-00384,withheld,true,2026-10-01T10:37:34.622479+00:00,,sha256:81934f6f5efd7919,0.5,20261001T103734-98563d0d-0.5
sim-helpful-memory,SIM-00387,injected,true,2026-10-01T10:37:34.623539+00:00,,sha256:81934f6f5efd7919,0.5,20261001T103734-98563d0d-0.5
sim-helpful-memory,SIM-00390,injected,false,2026-10-01T10:37:34.624675+00:00,,sha256:81934f6f5efd7919,0.5,20261001T103734-98563d0d-0.5
sim-helpful-memory,SIM-00393,withheld,false,2026-10-01T10:37:34.625721+00:00,,sha256:81934f6f5efd7919,0.5,20261001T103734-98563d0d-0.5
sim-helpful-memory,SIM-00396,withheld,false,2026-10-01T10:37:34.626751+00:00,,sha256:81934f6f5efd7919,0.5,20261001T103734-98563d0d-0.5
sim-helpful-memory,SIM-00399,injected,true,2026-10-01T10:37:34.627896+00:00,,sha256:81934f6f5efd7919,0.5,20261001T103734-98563d0d-0.5
sim-helpful-memory,SIM-00402,withheld,true,2026-10-01T10:37:34.629147+00:00,,sha256:81934f6f5efd7919,0.5,20261001T103734-98563d0d-0.5
sim-helpful-memory,SIM-00405,injected,true,2026-10-01T10:37:34.630305+00:00,,sha256:81934f6f5efd7919,0.5,20261001T103734-98563d0d-0.5
sim-helpful-memory,SIM-00408,injected,true,2026-10-01T10:37:34.631366+00:00,,sha256:81934f6f5efd7919,0.5,20261001T103734-98563d0d-0.5
sim-helpful-memory,SIM-00411,injected,true,2026-10-01T10:37:34.632507+00:00,,sha256:81934f6f5efd7919,0.5,20261001T103734-98563d0d-0.5
sim-helpful-memory,SIM-00414,injected,true,2026-10-01T10:37:34.633555+00:00,,sha256:81934f6f5efd7919,0.5,20261001T103734-98563d0d-0.5
sim-helpful-memory,SIM-00417,injected,true,2026-10-01T10:37:34.634600+00:00,,sha256:81934f6f5efd7919,0.5,20261001T103734-98563d0d-0.5
sim-helpful-memory,SIM-00420,injected,true,2026-10-01T10:37:34.635643+00:00,,sha256:81934f6f5efd7919,0.5,20261001T103734-98563d0d-0.5
sim-helpful-memory,SIM-00423,withheld,true,2026-10-01T10:37:34.636909+00:00,,sha256:81934f6f5efd7919,0.5,20261001T103734-98563d0d-0.5
sim-helpful-memory,SIM-00426,injected,true,2026-10-01T10:37:34.637979+00:00,,sha256:81934f6f5efd7919,0.5,20261001T103734-98563d0d-0.5
sim-helpful-memory,SIM-00429,injected,false,2026-10-01T10:37:34.639016+00:00,,sha256:81934f6f5efd7919,0.5,20261001T103734-98563d0d-0.5
sim-helpful-memory,SIM-00432,withheld,true,2026-10-01T10:37:34.640052+00:00,,sha256:81934f6f5efd7919,0.5,20261001T103734-98563d0d-0.5
sim-helpful-memory,SIM-00435,injected,true,2026-10-01T10:37:34.641255+00:00,,sha256:81934f6f5efd7919,0.5,20261001T103734-98563d0d-0.5
sim-helpful-memory,SIM-00438,injected,true,2026-10-01T10:37:34.642292+00:00,,sha256:81934f6f5efd7919,0.5,20261001T103734-98563d0d-0.5
sim-helpful-memory,SIM-00441,injected,true,2026-10-01T10:37:34.643317+00:00,,sha256:81934f6f5efd7919,0.5,20261001T103734-98563d0d-0.5
sim-helpful-memory,SIM-00444,injected,false,2026-10-01T10:37:34.644457+00:00,,sha256:81934f6f5efd7919,0.5,20261001T103734-98563d0d-0.5
sim-helpful-memory,SIM-00447,withheld,true,2026-10-01T10:37:34.645583+00:00,,sha256:81934f6f5efd7919,0.5,20261001T103734-98563d0d-0.5
sim-helpful-memory,SIM-00450,withheld,true,2026-10-01T10:37:34.646641+00:00,,sha256:81934f6f5efd7919,0.5,20261001T103734-98563d0d-0.5
sim-helpful-memory,SIM-00453,withheld,true,2026-10-01T10:37:34.647687+00:00,,sha256:81934f6f5efd7919,0.5,20261001T103734-98563d0d-0.5
sim-helpful-memory,SIM-00456,withheld,false,2026-10-01T10:37:34.648904+00:00,,sha256:81934f6f5efd7919,0.5,20261001T103734-98563d0d-0.5
sim-helpful-memory,SIM-00459,withheld,false,2026-10-01T10:37:34.650126+00:00,,sha256:81934f6f5efd7919,0.5,20261001T103734-98563d0d-0.5
sim-helpful-memory,SIM-00462,injected,true,2026-10-01T10:37:34.651162+00:00,,sha256:81934f6f5efd7919,0.5,20261001T103734-98563d0d-0.5
sim-helpful-memory,SIM-00465,injected,true,2026-10-01T10:37:34.652199+00:00,,sha256:81934f6f5efd7919,0.5,20261001T103734-98563d0d-0.5
sim-helpful-memory,SIM-00468,injected,true,2026-10-01T10:37:34.653390+00:00,,sha256:81934f6f5efd7919,0.5,20261001T103734-98563d0d-0.5
sim-helpful-memory,SIM-00471,injected,true,2026-10-01T10:37:34.654419+00:00,,sha256:81934f6f5efd7919,0.5,20261001T103734-98563d0d-0.5
sim-helpful-memory,SIM-00474,withheld,true,2026-10-01T10:37:34.655443+00:00,,sha256:81934f6f5efd7919,0.5,20261001T103734-98563d0d-0.5
sim-helpful-memory,SIM-00477,injected,true,2026-10-01T10:37:34.656562+00:00,,sha256:81934f6f5efd7919,0.5,20261001T103734-98563d0d-0.5
sim-helpful-memory,SIM-00480,withheld,true,2026-10-01T10:37:34.657609+00:00,,sha256:81934f6f5efd7919,0.5,20261001T103734-98563d0d-0.5
sim-helpful-memory,SIM-00483,injected,false,2026-10-01T10:37:34.658702+00:00,,sha256:81934f6f5efd7919,0.5,20261001T103734-98563d0d-0.5
sim-helpful-memory,SIM-00486,injected,true,2026-10-01T10:37:34.659758+00:00,,sha256:81934f6f5efd7919,0.5,20261001T103734-98563d0d-0.5
sim-helpful-memory,SIM-00489,withheld,true,2026-10-01T10:37:34.661015+00:00,,sha256:81934f6f5efd7919,0.5,20261001T103734-98563d0d-0.5
sim-helpful-memory,SIM-00492,injected,true,2026-10-01T10:37:34.662055+00:00,,sha256:81934f6f5efd7919,0.5,20261001T103734-98563d0d-0.5
sim-helpful-memory,SIM-00495,injected,true,2026-10-01T10:37:34.663092+00:00,,sha256:81934f6f5efd7919,0.5,20261001T103734-98563d0d-0.5
sim-helpful-memory,SIM-00498,withheld,true,2026-10-01T10:37:34.664152+00:00,,sha256:81934f6f5efd7919,0.5,20261001T103734-98563d0d-0.5
sim-helpful-memory,SIM-00501,withheld,true,2026-10-01T10:37:34.665397+00:00,,sha256:81934f6f5efd7919,0.5,20261001T103734-98563d0d-0.5
sim-helpful-memory,SIM-00504,injected,false,2026-10-01T10:37:34.666464+00:00,,sha256:81934f6f5efd7919,0.5,20261001T103734-98563d0d-0.5
sim-helpful-memory,SIM-00507,withheld,true,2026-10-01T10:37:34.667503+00:00,,sha256:81934f6f5efd7919,0.5,20261001T103734-98563d0d-0.5
sim-helpful-memory,SIM-00510,injected,false,2026-10-01T10:37:34.668614+00:00,,sha256:81934f6f5efd7919,0.5,20261001T103734-98563d0d-0.5
sim-helpful-memory,SIM-00513,injected,true,2026-10-01T10:37:34.669658+00:00,,sha256:81934f6f5efd7919,0.5,20261001T103734-98563d0d-0.5
sim-helpful-memory,SIM-00516,injected,true,2026-10-01T10:37:34.670733+00:00,,sha256:81934f6f5efd7919,0.5,20261001T103734-98563d0d-0.5
sim-helpful-memory,SIM-00519,withheld,true,2026-10-01T10:37:34.671884+00:00,,sha256:81934f6f5efd7919,0.5,20261001T103734-98563d0d-0.5
sim-helpful-memory,SIM-00522,injected,false,2026-10-01T10:37:34.673106+00:00,,sha256:81934f6f5efd7919,0.5,20261001T103734-98563d0d-0.5
sim-helpful-memory,SIM-00525,withheld,false,2026-10-01T10:37:34.674181+00:00,,sha256:81934f6f5efd7919,0.5,20261001T103734-98563d0d-0.5
sim-helpful-memory,SIM-00528,injected,true,2026-10-01T10:37:34.675206+00:00,,sha256:81934f6f5efd7919,0.5,20261001T103734-98563d0d-0.5
sim-helpful-memory,SIM-00531,withheld,false,2026-10-01T10:37:34.676239+00:00,,sha256:81934f6f5efd7919,0.5,20261001T103734-98563d0d-0.5
sim-helpful-memory,SIM-00534,injected,false,2026-10-01T10:37:34.677422+00:00,,sha256:81934f6f5efd7919,0.5,20261001T103734-98563d0d-0.5
sim-helpful-memory,SIM-00537,withheld,true,2026-10-01T10:37:34.678471+00:00,,sha256:81934f6f5efd7919,0.5,20261001T103734-98563d0d-0.5
sim-helpful-memory,SIM-00540,injected,false,2026-10-01T10:37:34.679676+00:00,,sha256:81934f6f5efd7919,0.5,20261001T103734-98563d0d-0.5
sim-helpful-memory,SIM-00543,withheld,true,2026-10-01T10:37:34.680878+00:00,,sha256:81934f6f5efd7919,0.5,20261001T103734-98563d0d-0.5
sim-helpful-memory,SIM-00546,withheld,true,2026-10-01T10:37:34.682033+00:00,,sha256:81934f6f5efd7919,0.5,20261001T103734-98563d0d-0.5
sim-helpful-memory,SIM-00549,withheld,true,2026-10-01T10:37:34.683081+00:00,,sha256:81934f6f5efd7919,0.5,20261001T103734-98563d0d-0.5
sim-helpful-memory,SIM-00552,withheld,false,2026-10-01T10:37:34.684125+00:00,,sha256:81934f6f5efd7919,0.5,20261001T103734-98563d0d-0.5
sim-helpful-memory,SIM-00555,withheld,true,2026-10-01T10:37:34.685320+00:00,,sha256:81934f6f5efd7919,0.5,20261001T103734-98563d0d-0.5
sim-helpful-memory,SIM-00558,injected,false,2026-10-01T10:37:34.686351+00:00,,sha256:81934f6f5efd7919,0.5,20261001T103734-98563d0d-0.5
sim-helpful-memory,SIM-00561,withheld,false,2026-10-01T10:37:34.687392+00:00,,sha256:81934f6f5efd7919,0.5,20261001T103734-98563d0d-0.5
sim-helpful-memory,SIM-00564,withheld,true,2026-10-01T10:37:34.688569+00:00,,sha256:81934f6f5efd7919,0.5,20261001T103734-98563d0d-0.5
sim-helpful-memory,SIM-00567,injected,true,2026-10-01T10:37:34.689630+00:00,,sha256:81934f6f5efd7919,0.5,20261001T103734-98563d0d-0.5
sim-helpful-memory,SIM-00570,withheld,false,2026-10-01T10:37:34.690660+00:00,,sha256:81934f6f5efd7919,0.5,20261001T103734-98563d0d-0.5
sim-helpful-memory,SIM-00573,withheld,false,2026-10-01T10:37:34.691700+00:00,,sha256:81934f6f5efd7919,0.5,20261001T103734-98563d0d-0.5
sim-helpful-memory,SIM-00576,injected,true,2026-10-01T10:37:34.692936+00:00,,sha256:81934f6f5efd7919,0.5,20261001T103734-98563d0d-0.5
sim-helpful-memory,SIM-00579,injected,true,2026-10-01T10:37:34.693991+00:00,,sha256:81934f6f5efd7919,0.5,20261001T103734-98563d0d-0.5
sim-helpful-memory,SIM-00582,injected,false,2026-10-01T10:37:34.695041+00:00,,sha256:81934f6f5efd7919,0.5,20261001T103734-98563d0d-0.5
sim-helpful-memory,SIM-00585,injected,true,2026-10-01T10:37:34.696074+00:00,,sha256:81934f6f5efd7919,0.5,20261001T103734-98563d0d-0.5
sim-helpful-memory,SIM-00588,withheld,false,2026-10-01T10:37:34.697296+00:00,,sha256:81934f6f5efd7919,0.5,20261001T103734-98563d0d-0.5
sim-helpful-memory,SIM-00591,injected,true,2026-10-01T10:37:34.698365+00:00,,sha256:81934f6f5efd7919,0.5,20261001T103734-98563d0d-0.5
sim-helpful-memory,SIM-00594,withheld,false,2026-10-01T10:37:34.699406+00:00,,sha256:81934f6f5efd7919,0.5,20261001T103734-98563d0d-0.5
sim-helpful-memory,SIM-00597,injected,true,2026-10-01T10:37:34.700539+00:00,,sha256:81934f6f5efd7919,0.5,20261001T103734-98563d0d-0.5
sim-helpful-memory,SIM-00600,injected,true,2026-10-01T10:37:34.701613+00:00,,sha256:81934f6f5efd7919,0.5,20261001T103734-98563d0d-0.5
sim-helpful-memory,SIM-00603,injected,true,2026-10-01T10:37:34.702659+00:00,,sha256:81934f6f5efd7919,0.5,20261001T103734-98563d0d-0.5
sim-helpful-memory,SIM-00606,withheld,false,2026-10-01T10:37:34.703707+00:00,,sha256:81934f6f5efd7919,0.5,20261001T103734-98563d0d-0.5
sim-helpful-memory,SIM-00609,withheld,true,2026-10-01T10:37:34.704881+00:00,,sha256:81934f6f5efd7919,0.5,20261001T103734-98563d0d-0.5
sim-helpful-memory,SIM-00612,injected,true,2026-10-01T10:37:34.705975+00:00,,sha256:81934f6f5efd7919,0.5,20261001T103734-98563d0d-0.5
sim-helpful-memory,SIM-00615,injected,true,2026-10-01T10:37:34.707058+00:00,,sha256:81934f6f5efd7919,0.5,20261001T103734-98563d0d-0.5
sim-helpful-memory,SIM-00618,withheld,false,2026-10-01T10:37:34.708129+00:00,,sha256:81934f6f5efd7919,0.5,20261001T103734-98563d0d-0.5
sim-helpful-memory,SIM-00621,withheld,false,2026-10-01T10:37:34.709394+00:00,,sha256:81934f6f5efd7919,0.5,20261001T103734-98563d0d-0.5
sim-helpful-memory,SIM-00624,injected,false,2026-10-01T10:37:34.710446+00:00,,sha256:81934f6f5efd7919,0.5,20261001T103734-98563d0d-0.5
sim-helpful-memory,SIM-00627,withheld,true,2026-10-01T10:37:34.711480+00:00,,sha256:81934f6f5efd7919,0.5,20261001T103734-98563d0d-0.5
sim-helpful-memory,SIM-00630,injected,true,2026-10-01T10:37:34.712647+00:00,,sha256:81934f6f5efd7919,0.5,20261001T103734-98563d0d-0.5
sim-helpful-memory,SIM-00633,withheld,false,2026-10-01T10:37:34.713711+00:00,,sha256:81934f6f5efd7919,0.5,20261001T103734-98563d0d-0.5
sim-helpful-memory,SIM-00636,withheld,true,2026-10-01T10:37:34.714824+00:00,,sha256:81934f6f5efd7919,0.5,20261001T103734-98563d0d-0.5
sim-helpful-memory,SIM-00639,withheld,true,2026-10-01T10:37:34.715878+00:00,,sha256:81934f6f5efd7919,0.5,20261001T103734-98563d0d-0.5
sim-helpful-memory,SIM-00642,withheld,false,2026-10-01T10:37:34.717113+00:00,,sha256:81934f6f5efd7919,0.5,20261001T103734-98563d0d-0.5
sim-helpful-memory,SIM-00645,injected,true,2026-10-01T10:37:34.718175+00:00,,sha256:81934f6f5efd7919,0.5,20261001T103734-98563d0d-0.5
sim-helpful-memory,SIM-00648,injected,false,2026-10-01T10:37:34.719400+00:00,,sha256:81934f6f5efd7919,0.5,20261001T103734-98563d0d-0.5
sim-helpful-memory,SIM-00651,withheld,false,2026-10-01T10:37:34.720605+00:00,,sha256:81934f6f5efd7919,0.5,20261001T103734-98563d0d-0.5
sim-helpful-memory,SIM-00654,injected,true,2026-10-01T10:37:34.721652+00:00,,sha256:81934f6f5efd7919,0.5,20261001T103734-98563d0d-0.5
sim-helpful-memory,SIM-00657,withheld,true,2026-10-01T10:37:34.722697+00:00,,sha256:81934f6f5efd7919,0.5,20261001T103734-98563d0d-0.5
sim-helpful-memory,SIM-00660,injected,true,2026-10-01T10:37:34.723742+00:00,,sha256:81934f6f5efd7919,0.5,20261001T103734-98563d0d-0.5
sim-helpful-memory,SIM-00663,injected,false,2026-10-01T10:37:34.725009+00:00,,sha256:81934f6f5efd7919,0.5,20261001T103734-98563d0d-0.5
sim-helpful-memory,SIM-00666,withheld,true,2026-10-01T10:37:34.726075+00:00,,sha256:81934f6f5efd7919,0.5,20261001T103734-98563d0d-0.5
sim-helpful-memory,SIM-00669,withheld,true,2026-10-01T10:37:34.727205+00:00,,sha256:81934f6f5efd7919,0.5,20261001T103734-98563d0d-0.5
sim-helpful-memory,SIM-00672,withheld,true,2026-10-01T10:37:34.728430+00:00,,sha256:81934f6f5efd7919,0.5,20261001T103734-98563d0d-0.5
sim-helpful-memory,SIM-00675,injected,true,2026-10-01T10:37:34.729519+00:00,,sha256:81934f6f5efd7919,0.5,20261001T103734-98563d0d-0.5
sim-helpful-memory,SIM-00678,withheld,true,2026-10-01T10:37:34.730560+00:00,,sha256:81934f6f5efd7919,0.5,20261001T103734-98563d0d-0.5
sim-helpful-memory,SIM-00681,injected,true,2026-10-01T10:37:34.731625+00:00,,sha256:81934f6f5efd7919,0.5,20261001T103734-98563d0d-0.5
sim-helpful-memory,SIM-00684,withheld,true,2026-10-01T10:37:34.732950+00:00,,sha256:81934f6f5efd7919,0.5,20261001T103734-98563d0d-0.5
sim-helpful-memory,SIM-00687,injected,true,2026-10-01T10:37:34.733987+00:00,,sha256:81934f6f5efd7919,0.5,20261001T103734-98563d0d-0.5
sim-helpful-memory,SIM-00690,withheld,true,2026-10-01T10:37:34.735040+00:00,,sha256:81934f6f5efd7919,0.5,20261001T103734-98563d0d-0.5
sim-helpful-memory,SIM-00693,withheld,true,2026-10-01T10:37:34.736080+00:00,,sha256:81934f6f5efd7919,0.5,20261001T103734-98563d0d-0.5
sim-helpful-memory,SIM-00696,withheld,false,2026-10-01T10:37:34.737296+00:00,,sha256:81934f6f5efd7919,0.5,20261001T103734-98563d0d-0.5
sim-helpful-memory,SIM-00699,injected,false,2026-10-01T10:37:34.738376+00:00,,sha256:81934f6f5efd7919,0.5,20261001T103734-98563d0d-0.5
sim-helpful-memory,SIM-00702,injected,true,2026-10-01T10:37:34.739422+00:00,,sha256:81934f6f5efd7919,0.5,20261001T103734-98563d0d-0.5
sim-helpful-memory,SIM-00705,withheld,false,2026-10-01T10:37:34.740622+00:00,,sha256:81934f6f5efd7919,0.5,20261001T103734-98563d0d-0.5
sim-helpful-memory,SIM-00708,withheld,true,2026-10-01T10:37:34.741934+00:00,,sha256:81934f6f5efd7919,0.5,20261001T103734-98563d0d-0.5
sim-helpful-memory,SIM-00711,injected,true,2026-10-01T10:37:34.744144+00:00,,sha256:81934f6f5efd7919,0.5,20261001T103734-98563d0d-0.5
sim-helpful-memory,SIM-00714,withheld,false,2026-10-01T10:37:34.745464+00:00,,sha256:81934f6f5efd7919,0.5,20261001T103734-98563d0d-0.5
sim-helpful-memory,SIM-00717,withheld,false,2026-10-01T10:37:34.749019+00:00,,sha256:81934f6f5efd7919,0.5,20261001T103734-98563d0d-0.5
sim-helpful-memory,SIM-00720,injected,true,2026-10-01T10:37:34.753723+00:00,,sha256:81934f6f5efd7919,0.5,20261001T103734-98563d0d-0.5
sim-helpful-memory,SIM-00723,injected,true,2026-10-01T10:37:34.754976+00:00,,sha256:81934f6f5efd7919,0.5,20261001T103734-98563d0d-0.5
sim-helpful-memory,SIM-00726,withheld,true,2026-10-01T10:37:34.756123+00:00,,sha256:81934f6f5efd7919,0.5,20261001T103734-98563d0d-0.5
sim-helpful-memory,SIM-00729,injected,true,2026-10-01T10:37:34.757439+00:00,,sha256:81934f6f5efd7919,0.5,20261001T103734-98563d0d-0.5
sim-helpful-memory,SIM-00732,withheld,false,2026-10-01T10:37:34.758675+00:00,,sha256:81934f6f5efd7919,0.5,20261001T103734-98563d0d-0.5
sim-helpful-memory,SIM-00735,injected,true,2026-10-01T10:37:34.759826+00:00,,sha256:81934f6f5efd7919,0.5,20261001T103734-98563d0d-0.5
sim-helpful-memory,SIM-00738,injected,true,2026-10-01T10:37:34.761149+00:00,,sha256:81934f6f5efd7919,0.5,20261001T103734-98563d0d-0.5
sim-helpful-memory,SIM-00741,withheld,false,2026-10-01T10:37:34.762558+00:00,,sha256:81934f6f5efd7919,0.5,20261001T103734-98563d0d-0.5
sim-helpful-memory,SIM-00744,withheld,false,2026-10-01T10:37:34.763751+00:00,,sha256:81934f6f5efd7919,0.5,20261001T103734-98563d0d-0.5
sim-helpful-memory,SIM-00747,withheld,false,2026-10-01T10:37:34.765042+00:00,,sha256:81934f6f5efd7919,0.5,20261001T103734-98563d0d-0.5
sim-helpful-memory,SIM-00750,withheld,true,2026-10-01T10:37:34.766388+00:00,,sha256:81934f6f5efd7919,0.5,20261001T103734-98563d0d-0.5
sim-helpful-memory,SIM-00753,withheld,true,2026-10-01T10:37:34.767887+00:00,,sha256:81934f6f5efd7919,0.5,20261001T103734-98563d0d-0.5
sim-helpful-memory,SIM-00756,withheld,true,2026-10-01T10:37:34.770249+00:00,,sha256:81934f6f5efd7919,0.5,20261001T103734-98563d0d-0.5
sim-helpful-memory,SIM-00759,withheld,false,2026-10-01T10:37:34.771579+00:00,,sha256:81934f6f5efd7919,0.5,20261001T103734-98563d0d-0.5
sim-helpful-memory,SIM-00762,withheld,true,2026-10-01T10:37:34.772855+00:00,,sha256:81934f6f5efd7919,0.5,20261001T103734-98563d0d-0.5
sim-helpful-memory,SIM-00765,withheld,true,2026-10-01T10:37:34.774122+00:00,,sha256:81934f6f5efd7919,0.5,20261001T103734-98563d0d-0.5
sim-helpful-memory,SIM-00768,injected,true,2026-10-01T10:37:34.775234+00:00,,sha256:81934f6f5efd7919,0.5,20261001T103734-98563d0d-0.5
sim-helpful-memory,SIM-00771,injected,true,2026-10-01T10:37:34.776470+00:00,,sha256:81934f6f5efd7919,0.5,20261001T103734-98563d0d-0.5
sim-helpful-memory,SIM-00774,injected,true,2026-10-01T10:37:34.777589+00:00,,sha256:81934f6f5efd7919,0.5,20261001T103734-98563d0d-0.5
sim-helpful-memory,SIM-00777,injected,true,2026-10-01T10:37:34.778721+00:00,,sha256:81934f6f5efd7919,0.5,20261001T103734-98563d0d-0.5
sim-helpful-memory,SIM-00780,injected,true,2026-10-01T10:37:34.779831+00:00,,sha256:81934f6f5efd7919,0.5,20261001T103734-98563d0d-0.5
sim-helpful-memory,SIM-00783,injected,false,2026-10-01T10:37:34.781092+00:00,,sha256:81934f6f5efd7919,0.5,20261001T103734-98563d0d-0.5
sim-helpful-memory,SIM-00786,withheld,true,2026-10-01T10:37:34.782157+00:00,,sha256:81934f6f5efd7919,0.5,20261001T103734-98563d0d-0.5
sim-helpful-memory,SIM-00789,injected,false,2026-10-01T10:37:34.783211+00:00,,sha256:81934f6f5efd7919,0.5,20261001T103734-98563d0d-0.5
sim-helpful-memory,SIM-00792,withheld,true,2026-10-01T10:37:34.784263+00:00,,sha256:81934f6f5efd7919,0.5,20261001T103734-98563d0d-0.5
sim-helpful-memory,SIM-00795,injected,true,2026-10-01T10:37:34.785415+00:00,,sha256:81934f6f5efd7919,0.5,20261001T103734-98563d0d-0.5
sim-helpful-memory,SIM-00798,injected,true,2026-10-01T10:37:34.786485+00:00,,sha256:81934f6f5efd7919,0.5,20261001T103734-98563d0d-0.5
sim-helpful-memory,SIM-00801,injected,true,2026-10-01T10:37:34.787813+00:00,,sha256:81934f6f5efd7919,0.5,20261001T103734-98563d0d-0.5
sim-helpful-memory,SIM-00804,injected,true,2026-10-01T10:37:34.789111+00:00,,sha256:81934f6f5efd7919,0.5,20261001T103734-98563d0d-0.5
sim-helpful-memory,SIM-00807,withheld,true,2026-10-01T10:37:34.790176+00:00,,sha256:81934f6f5efd7919,0.5,20261001T103734-98563d0d-0.5
sim-helpful-memory,SIM-00810,withheld,false,2026-10-01T10:37:34.791397+00:00,,sha256:81934f6f5efd7919,0.5,20261001T103734-98563d0d-0.5
sim-helpful-memory,SIM-00813,withheld,false,2026-10-01T10:37:34.792592+00:00,,sha256:81934f6f5efd7919,0.5,20261001T103734-98563d0d-0.5
sim-helpful-memory,SIM-00816,withheld,false,2026-10-01T10:37:34.793732+00:00,,sha256:81934f6f5efd7919,0.5,20261001T103734-98563d0d-0.5
sim-helpful-memory,SIM-00819,withheld,false,2026-10-01T10:37:34.794843+00:00,,sha256:81934f6f5efd7919,0.5,20261001T103734-98563d0d-0.5
sim-helpful-memory,SIM-00822,injected,false,2026-10-01T10:37:34.795906+00:00,,sha256:81934f6f5efd7919,0.5,20261001T103734-98563d0d-0.5
sim-helpful-memory,SIM-00825,injected,true,2026-10-01T10:37:34.797194+00:00,,sha256:81934f6f5efd7919,0.5,20261001T103734-98563d0d-0.5
sim-helpful-memory,SIM-00828,withheld,false,2026-10-01T10:37:34.798328+00:00,,sha256:81934f6f5efd7919,0.5,20261001T103734-98563d0d-0.5
sim-helpful-memory,SIM-00831,injected,false,2026-10-01T10:37:34.799928+00:00,,sha256:81934f6f5efd7919,0.5,20261001T103734-98563d0d-0.5
sim-helpful-memory,SIM-00834,injected,true,2026-10-01T10:37:34.801201+00:00,,sha256:81934f6f5efd7919,0.5,20261001T103734-98563d0d-0.5
sim-helpful-memory,SIM-00837,withheld,true,2026-10-01T10:37:34.802275+00:00,,sha256:81934f6f5efd7919,0.5,20261001T103734-98563d0d-0.5
sim-helpful-memory,SIM-00840,injected,true,2026-10-01T10:37:34.803351+00:00,,sha256:81934f6f5efd7919,0.5,20261001T103734-98563d0d-0.5
sim-helpful-memory,SIM-00843,withheld,true,2026-10-01T10:37:34.804470+00:00,,sha256:81934f6f5efd7919,0.5,20261001T103734-98563d0d-0.5
sim-helpful-memory,SIM-00846,injected,false,2026-10-01T10:37:34.805538+00:00,,sha256:81934f6f5efd7919,0.5,20261001T103734-98563d0d-0.5
sim-helpful-memory,SIM-00849,injected,true,2026-10-01T10:37:34.806601+00:00,,sha256:81934f6f5efd7919,0.5,20261001T103734-98563d0d-0.5
sim-helpful-memory,SIM-00852,injected,true,2026-10-01T10:37:34.807663+00:00,,sha256:81934f6f5efd7919,0.5,20261001T103734-98563d0d-0.5
sim-helpful-memory,SIM-00855,injected,true,2026-10-01T10:37:34.808991+00:00,,sha256:81934f6f5efd7919,0.5,20261001T103734-98563d0d-0.5
sim-helpful-memory,SIM-00858,injected,false,2026-10-01T10:37:34.810100+00:00,,sha256:81934f6f5efd7919,0.5,20261001T103734-98563d0d-0.5
sim-helpful-memory,SIM-00861,injected,true,2026-10-01T10:37:34.811158+00:00,,sha256:81934f6f5efd7919,0.5,20261001T103734-98563d0d-0.5
sim-helpful-memory,SIM-00864,injected,true,2026-10-01T10:37:34.812245+00:00,,sha256:81934f6f5efd7919,0.5,20261001T103734-98563d0d-0.5
sim-helpful-memory,SIM-00867,injected,true,2026-10-01T10:37:34.813384+00:00,,sha256:81934f6f5efd7919,0.5,20261001T103734-98563d0d-0.5
sim-helpful-memory,SIM-00870,withheld,false,2026-10-01T10:37:34.814434+00:00,,sha256:81934f6f5efd7919,0.5,20261001T103734-98563d0d-0.5
sim-helpful-memory,SIM-00873,withheld,false,2026-10-01T10:37:34.815483+00:00,,sha256:81934f6f5efd7919,0.5,20261001T103734-98563d0d-0.5
sim-helpful-memory,SIM-00876,injected,true,2026-10-01T10:37:34.816723+00:00,,sha256:81934f6f5efd7919,0.5,20261001T103734-98563d0d-0.5
sim-helpful-memory,SIM-00879,injected,true,2026-10-01T10:37:34.817860+00:00,,sha256:81934f6f5efd7919,0.5,20261001T103734-98563d0d-0.5
sim-helpful-memory,SIM-00882,injected,true,2026-10-01T10:37:34.818937+00:00,,sha256:81934f6f5efd7919,0.5,20261001T103734-98563d0d-0.5
sim-helpful-memory,SIM-00885,injected,true,2026-10-01T10:37:34.820064+00:00,,sha256:81934f6f5efd7919,0.5,20261001T103734-98563d0d-0.5
sim-helpful-memory,SIM-00888,injected,true,2026-10-01T10:37:34.821206+00:00,,sha256:81934f6f5efd7919,0.5,20261001T103734-98563d0d-0.5
sim-helpful-memory,SIM-00891,withheld,true,2026-10-01T10:37:34.822262+00:00,,sha256:81934f6f5efd7919,0.5,20261001T103734-98563d0d-0.5
sim-helpful-memory,SIM-00894,injected,true,2026-10-01T10:37:34.823315+00:00,,sha256:81934f6f5efd7919,0.5,20261001T103734-98563d0d-0.5
sim-helpful-memory,SIM-00897,injected,true,2026-10-01T10:37:34.824484+00:00,,sha256:81934f6f5efd7919,0.5,20261001T103734-98563d0d-0.5
sim-helpful-memory,SIM-00900,withheld,false,2026-10-01T10:37:34.825593+00:00,,sha256:81934f6f5efd7919,0.5,20261001T103734-98563d0d-0.5
sim-helpful-memory,SIM-00903,injected,true,2026-10-01T10:37:34.826639+00:00,,sha256:81934f6f5efd7919,0.5,20261001T103734-98563d0d-0.5
sim-helpful-memory,SIM-00906,injected,true,2026-10-01T10:37:34.827746+00:00,,sha256:81934f6f5efd7919,0.5,20261001T103734-98563d0d-0.5
sim-helpful-memory,SIM-00909,injected,true,2026-10-01T10:37:34.828944+00:00,,sha256:81934f6f5efd7919,0.5,20261001T103734-98563d0d-0.5
sim-helpful-memory,SIM-00912,injected,true,2026-10-01T10:37:34.830080+00:00,,sha256:81934f6f5efd7919,0.5,20261001T103734-98563d0d-0.5
sim-helpful-memory,SIM-00915,injected,true,2026-10-01T10:37:34.831153+00:00,,sha256:81934f6f5efd7919,0.5,20261001T103734-98563d0d-0.5
sim-helpful-memory,SIM-00918,withheld,false,2026-10-01T10:37:34.832202+00:00,,sha256:81934f6f5efd7919,0.5,20261001T103734-98563d0d-0.5
sim-helpful-memory,SIM-00921,withheld,false,2026-10-01T10:37:34.833408+00:00,,sha256:81934f6f5efd7919,0.5,20261001T103734-98563d0d-0.5
sim-helpful-memory,SIM-00924,injected,true,2026-10-01T10:37:34.834453+00:00,,sha256:81934f6f5efd7919,0.5,20261001T103734-98563d0d-0.5
sim-helpful-memory,SIM-00927,injected,true,2026-10-01T10:37:34.835505+00:00,,sha256:81934f6f5efd7919,0.5,20261001T103734-98563d0d-0.5
sim-helpful-memory,SIM-00930,injected,true,2026-10-01T10:37:34.836621+00:00,,sha256:81934f6f5efd7919,0.5,20261001T103734-98563d0d-0.5
sim-helpful-memory,SIM-00933,withheld,false,2026-10-01T10:37:34.837894+00:00,,sha256:81934f6f5efd7919,0.5,20261001T103734-98563d0d-0.5
sim-helpful-memory,SIM-00936,withheld,true,2026-10-01T10:37:34.838987+00:00,,sha256:81934f6f5efd7919,0.5,20261001T103734-98563d0d-0.5
sim-helpful-memory,SIM-00939,injected,true,2026-10-01T10:37:34.840049+00:00,,sha256:81934f6f5efd7919,0.5,20261001T103734-98563d0d-0.5
sim-helpful-memory,SIM-00942,injected,false,2026-10-01T10:37:34.841265+00:00,,sha256:81934f6f5efd7919,0.5,20261001T103734-98563d0d-0.5
sim-helpful-memory,SIM-00945,injected,true,2026-10-01T10:37:34.842500+00:00,,sha256:81934f6f5efd7919,0.5,20261001T103734-98563d0d-0.5
sim-helpful-memory,SIM-00948,withheld,false,2026-10-01T10:37:34.843809+00:00,,sha256:81934f6f5efd7919,0.5,20261001T103734-98563d0d-0.5
sim-helpful-memory,SIM-00951,withheld,false,2026-10-01T10:37:34.845045+00:00,,sha256:81934f6f5efd7919,0.5,20261001T103734-98563d0d-0.5
sim-helpful-memory,SIM-00954,injected,false,2026-10-01T10:37:34.846241+00:00,,sha256:81934f6f5efd7919,0.5,20261001T103734-98563d0d-0.5
sim-helpful-memory,SIM-00957,withheld,true,2026-10-01T10:37:34.847310+00:00,,sha256:81934f6f5efd7919,0.5,20261001T103734-98563d0d-0.5
sim-helpful-memory,SIM-00960,withheld,true,2026-10-01T10:37:34.848556+00:00,,sha256:81934f6f5efd7919,0.5,20261001T103734-98563d0d-0.5
sim-helpful-memory,SIM-00963,withheld,false,2026-10-01T10:37:34.849619+00:00,,sha256:81934f6f5efd7919,0.5,20261001T103734-98563d0d-0.5
sim-helpful-memory,SIM-00966,withheld,true,2026-10-01T10:37:34.850714+00:00,,sha256:81934f6f5efd7919,0.5,20261001T103734-98563d0d-0.5
sim-helpful-memory,SIM-00969,withheld,false,2026-10-01T10:37:34.851854+00:00,,sha256:81934f6f5efd7919,0.5,20261001T103734-98563d0d-0.5
sim-helpful-memory,SIM-00972,withheld,false,2026-10-01T10:37:34.853041+00:00,,sha256:81934f6f5efd7919,0.5,20261001T103734-98563d0d-0.5
sim-helpful-memory,SIM-00975,withheld,false,2026-10-01T10:37:34.854089+00:00,,sha256:81934f6f5efd7919,0.5,20261001T103734-98563d0d-0.5
sim-helpful-memory,SIM-00978,withheld,true,2026-10-01T10:37:34.855320+00:00,,sha256:81934f6f5efd7919,0.5,20261001T103734-98563d0d-0.5
sim-helpful-memory,SIM-00981,withheld,true,2026-10-01T10:37:34.856576+00:00,,sha256:81934f6f5efd7919,0.5,20261001T103734-98563d0d-0.5
sim-helpful-memory,SIM-00984,withheld,false,2026-10-01T10:37:34.857649+00:00,,sha256:81934f6f5efd7919,0.5,20261001T103734-98563d0d-0.5
sim-helpful-memory,SIM-00987,withheld,false,2026-10-01T10:37:34.858755+00:00,,sha256:81934f6f5efd7919,0.5,20261001T103734-98563d0d-0.5
sim-neutral-memory,SIM-00002,injected,true,2026-10-01T10:37:34.480248+00:00,,sha256:075faa9cca1d50c0,0.5,20261001T103734-98563d0d-0.5
sim-neutral-memory,SIM-00005,withheld,true,2026-10-01T10:37:34.481500+00:00,,sha256:075faa9cca1d50c0,0.5,20261001T103734-98563d0d-0.5
sim-neutral-memory,SIM-00008,injected,true,2026-10-01T10:37:34.482614+00:00,,sha256:075faa9cca1d50c0,0.5,20261001T103734-98563d0d-0.5
sim-neutral-memory,SIM-00011,injected,false,2026-10-01T10:37:34.483728+00:00,,sha256:075faa9cca1d50c0,0.5,20261001T103734-98563d0d-0.5
sim-neutral-memory,SIM-00014,injected,false,2026-10-01T10:37:34.484976+00:00,,sha256:075faa9cca1d50c0,0.5,20261001T103734-98563d0d-0.5
sim-neutral-memory,SIM-00017,injected,false,2026-10-01T10:37:34.486100+00:00,,sha256:075faa9cca1d50c0,0.5,20261001T103734-98563d0d-0.5
sim-neutral-memory,SIM-00020,injected,true,2026-10-01T10:37:34.487257+00:00,,sha256:075faa9cca1d50c0,0.5,20261001T103734-98563d0d-0.5
sim-neutral-memory,SIM-00023,withheld,true,2026-10-01T10:37:34.488324+00:00,,sha256:075faa9cca1d50c0,0.5,20261001T103734-98563d0d-0.5
sim-neutral-memory,SIM-00026,injected,false,2026-10-01T10:37:34.489495+00:00,,sha256:075faa9cca1d50c0,0.5,20261001T103734-98563d0d-0.5
sim-neutral-memory,SIM-00029,withheld,false,2026-10-01T10:37:34.490979+00:00,,sha256:075faa9cca1d50c0,0.5,20261001T103734-98563d0d-0.5
sim-neutral-memory,SIM-00032,withheld,true,2026-10-01T10:37:34.492131+00:00,,sha256:075faa9cca1d50c0,0.5,20261001T103734-98563d0d-0.5
sim-neutral-memory,SIM-00035,injected,true,2026-10-01T10:37:34.493338+00:00,,sha256:075faa9cca1d50c0,0.5,20261001T103734-98563d0d-0.5
sim-neutral-memory,SIM-00038,injected,true,2026-10-01T10:37:34.494467+00:00,,sha256:075faa9cca1d50c0,0.5,20261001T103734-98563d0d-0.5
sim-neutral-memory,SIM-00041,withheld,true,2026-10-01T10:37:34.495528+00:00,,sha256:075faa9cca1d50c0,0.5,20261001T103734-98563d0d-0.5
sim-neutral-memory,SIM-00044,injected,false,2026-10-01T10:37:34.496747+00:00,,sha256:075faa9cca1d50c0,0.5,20261001T103734-98563d0d-0.5
sim-neutral-memory,SIM-00047,injected,false,2026-10-01T10:37:34.497890+00:00,,sha256:075faa9cca1d50c0,0.5,20261001T103734-98563d0d-0.5
sim-neutral-memory,SIM-00050,withheld,true,2026-10-01T10:37:34.498978+00:00,,sha256:075faa9cca1d50c0,0.5,20261001T103734-98563d0d-0.5
sim-neutral-memory,SIM-00053,injected,false,2026-10-01T10:37:34.500071+00:00,,sha256:075faa9cca1d50c0,0.5,20261001T103734-98563d0d-0.5
sim-neutral-memory,SIM-00056,injected,false,2026-10-01T10:37:34.501307+00:00,,sha256:075faa9cca1d50c0,0.5,20261001T103734-98563d0d-0.5
sim-neutral-memory,SIM-00059,withheld,true,2026-10-01T10:37:34.502351+00:00,,sha256:075faa9cca1d50c0,0.5,20261001T103734-98563d0d-0.5
sim-neutral-memory,SIM-00062,injected,false,2026-10-01T10:37:34.503405+00:00,,sha256:075faa9cca1d50c0,0.5,20261001T103734-98563d0d-0.5
sim-neutral-memory,SIM-00065,injected,true,2026-10-01T10:37:34.504556+00:00,,sha256:075faa9cca1d50c0,0.5,20261001T103734-98563d0d-0.5
sim-neutral-memory,SIM-00068,injected,true,2026-10-01T10:37:34.505630+00:00,,sha256:075faa9cca1d50c0,0.5,20261001T103734-98563d0d-0.5
sim-neutral-memory,SIM-00071,withheld,false,2026-10-01T10:37:34.506661+00:00,,sha256:075faa9cca1d50c0,0.5,20261001T103734-98563d0d-0.5
sim-neutral-memory,SIM-00074,injected,true,2026-10-01T10:37:34.507693+00:00,,sha256:075faa9cca1d50c0,0.5,20261001T103734-98563d0d-0.5
sim-neutral-memory,SIM-00077,injected,true,2026-10-01T10:37:34.508939+00:00,,sha256:075faa9cca1d50c0,0.5,20261001T103734-98563d0d-0.5
sim-neutral-memory,SIM-00080,withheld,true,2026-10-01T10:37:34.509989+00:00,,sha256:075faa9cca1d50c0,0.5,20261001T103734-98563d0d-0.5
sim-neutral-memory,SIM-00083,injected,false,2026-10-01T10:37:34.511017+00:00,,sha256:075faa9cca1d50c0,0.5,20261001T103734-98563d0d-0.5
sim-neutral-memory,SIM-00086,injected,true,2026-10-01T10:37:34.512136+00:00,,sha256:075faa9cca1d50c0,0.5,20261001T103734-98563d0d-0.5
sim-neutral-memory,SIM-00089,injected,false,2026-10-01T10:37:34.513348+00:00,,sha256:075faa9cca1d50c0,0.5,20261001T103734-98563d0d-0.5
sim-neutral-memory,SIM-00092,withheld,false,2026-10-01T10:37:34.514396+00:00,,sha256:075faa9cca1d50c0,0.5,20261001T103734-98563d0d-0.5
sim-neutral-memory,SIM-00095,injected,false,2026-10-01T10:37:34.515423+00:00,,sha256:075faa9cca1d50c0,0.5,20261001T103734-98563d0d-0.5
sim-neutral-memory,SIM-00098,withheld,false,2026-10-01T10:37:34.516664+00:00,,sha256:075faa9cca1d50c0,0.5,20261001T103734-98563d0d-0.5
sim-neutral-memory,SIM-00101,injected,false,2026-10-01T10:37:34.517930+00:00,,sha256:075faa9cca1d50c0,0.5,20261001T103734-98563d0d-0.5
sim-neutral-memory,SIM-00104,withheld,true,2026-10-01T10:37:34.518978+00:00,,sha256:075faa9cca1d50c0,0.5,20261001T103734-98563d0d-0.5
sim-neutral-memory,SIM-00107,injected,false,2026-10-01T10:37:34.520060+00:00,,sha256:075faa9cca1d50c0,0.5,20261001T103734-98563d0d-0.5
sim-neutral-memory,SIM-00110,injected,false,2026-10-01T10:37:34.521259+00:00,,sha256:075faa9cca1d50c0,0.5,20261001T103734-98563d0d-0.5
sim-neutral-memory,SIM-00113,withheld,true,2026-10-01T10:37:34.522283+00:00,,sha256:075faa9cca1d50c0,0.5,20261001T103734-98563d0d-0.5
sim-neutral-memory,SIM-00116,withheld,false,2026-10-01T10:37:34.523305+00:00,,sha256:075faa9cca1d50c0,0.5,20261001T103734-98563d0d-0.5
sim-neutral-memory,SIM-00119,injected,false,2026-10-01T10:37:34.524428+00:00,,sha256:075faa9cca1d50c0,0.5,20261001T103734-98563d0d-0.5
sim-neutral-memory,SIM-00122,injected,false,2026-10-01T10:37:34.525504+00:00,,sha256:075faa9cca1d50c0,0.5,20261001T103734-98563d0d-0.5
sim-neutral-memory,SIM-00125,injected,false,2026-10-01T10:37:34.526547+00:00,,sha256:075faa9cca1d50c0,0.5,20261001T103734-98563d0d-0.5
sim-neutral-memory,SIM-00128,injected,false,2026-10-01T10:37:34.527889+00:00,,sha256:075faa9cca1d50c0,0.5,20261001T103734-98563d0d-0.5
sim-neutral-memory,SIM-00131,withheld,true,2026-10-01T10:37:34.529168+00:00,,sha256:075faa9cca1d50c0,0.5,20261001T103734-98563d0d-0.5
sim-neutral-memory,SIM-00134,withheld,false,2026-10-01T10:37:34.530264+00:00,,sha256:075faa9cca1d50c0,0.5,20261001T103734-98563d0d-0.5
sim-neutral-memory,SIM-00137,withheld,false,2026-10-01T10:37:34.531464+00:00,,sha256:075faa9cca1d50c0,0.5,20261001T103734-98563d0d-0.5
sim-neutral-memory,SIM-00140,injected,true,2026-10-01T10:37:34.532678+00:00,,sha256:075faa9cca1d50c0,0.5,20261001T103734-98563d0d-0.5
sim-neutral-memory,SIM-00143,injected,true,2026-10-01T10:37:34.533758+00:00,,sha256:075faa9cca1d50c0,0.5,20261001T103734-98563d0d-0.5
sim-neutral-memory,SIM-00146,injected,false,2026-10-01T10:37:34.534908+00:00,,sha256:075faa9cca1d50c0,0.5,20261001T103734-98563d0d-0.5
sim-neutral-memory,SIM-00149,withheld,true,2026-10-01T10:37:34.536048+00:00,,sha256:075faa9cca1d50c0,0.5,20261001T103734-98563d0d-0.5
sim-neutral-memory,SIM-00152,injected,true,2026-10-01T10:37:34.537337+00:00,,sha256:075faa9cca1d50c0,0.5,20261001T103734-98563d0d-0.5
sim-neutral-memory,SIM-00155,injected,true,2026-10-01T10:37:34.538405+00:00,,sha256:075faa9cca1d50c0,0.5,20261001T103734-98563d0d-0.5
sim-neutral-memory,SIM-00158,withheld,true,2026-10-01T10:37:34.539468+00:00,,sha256:075faa9cca1d50c0,0.5,20261001T103734-98563d0d-0.5
sim-neutral-memory,SIM-00161,injected,true,2026-10-01T10:37:34.540636+00:00,,sha256:075faa9cca1d50c0,0.5,20261001T103734-98563d0d-0.5
sim-neutral-memory,SIM-00164,injected,false,2026-10-01T10:37:34.541690+00:00,,sha256:075faa9cca1d50c0,0.5,20261001T103734-98563d0d-0.5
sim-neutral-memory,SIM-00167,injected,true,2026-10-01T10:37:34.542770+00:00,,sha256:075faa9cca1d50c0,0.5,20261001T103734-98563d0d-0.5
sim-neutral-memory,SIM-00170,injected,true,2026-10-01T10:37:34.543867+00:00,,sha256:075faa9cca1d50c0,0.5,20261001T103734-98563d0d-0.5
sim-neutral-memory,SIM-00173,injected,true,2026-10-01T10:37:34.545121+00:00,,sha256:075faa9cca1d50c0,0.5,20261001T103734-98563d0d-0.5
sim-neutral-memory,SIM-00176,withheld,false,2026-10-01T10:37:34.546170+00:00,,sha256:075faa9cca1d50c0,0.5,20261001T103734-98563d0d-0.5
sim-neutral-memory,SIM-00179,injected,false,2026-10-01T10:37:34.547207+00:00,,sha256:075faa9cca1d50c0,0.5,20261001T103734-98563d0d-0.5
sim-neutral-memory,SIM-00182,injected,true,2026-10-01T10:37:34.548258+00:00,,sha256:075faa9cca1d50c0,0.5,20261001T103734-98563d0d-0.5
sim-neutral-memory,SIM-00185,injected,false,2026-10-01T10:37:34.549428+00:00,,sha256:075faa9cca1d50c0,0.5,20261001T103734-98563d0d-0.5
sim-neutral-memory,SIM-00188,withheld,false,2026-10-01T10:37:34.550461+00:00,,sha256:075faa9cca1d50c0,0.5,20261001T103734-98563d0d-0.5
sim-neutral-memory,SIM-00191,withheld,false,2026-10-01T10:37:34.551552+00:00,,sha256:075faa9cca1d50c0,0.5,20261001T103734-98563d0d-0.5
sim-neutral-memory,SIM-00194,injected,true,2026-10-01T10:37:34.552915+00:00,,sha256:075faa9cca1d50c0,0.5,20261001T103734-98563d0d-0.5
sim-neutral-memory,SIM-00197,withheld,true,2026-10-01T10:37:34.553952+00:00,,sha256:075faa9cca1d50c0,0.5,20261001T103734-98563d0d-0.5
sim-neutral-memory,SIM-00200,withheld,false,2026-10-01T10:37:34.554996+00:00,,sha256:075faa9cca1d50c0,0.5,20261001T103734-98563d0d-0.5
sim-neutral-memory,SIM-00203,injected,false,2026-10-01T10:37:34.556027+00:00,,sha256:075faa9cca1d50c0,0.5,20261001T103734-98563d0d-0.5
sim-neutral-memory,SIM-00206,withheld,true,2026-10-01T10:37:34.557176+00:00,,sha256:075faa9cca1d50c0,0.5,20261001T103734-98563d0d-0.5
sim-neutral-memory,SIM-00209,injected,false,2026-10-01T10:37:34.558238+00:00,,sha256:075faa9cca1d50c0,0.5,20261001T103734-98563d0d-0.5
sim-neutral-memory,SIM-00212,injected,false,2026-10-01T10:37:34.559267+00:00,,sha256:075faa9cca1d50c0,0.5,20261001T103734-98563d0d-0.5
sim-neutral-memory,SIM-00215,injected,true,2026-10-01T10:37:34.560289+00:00,,sha256:075faa9cca1d50c0,0.5,20261001T103734-98563d0d-0.5
sim-neutral-memory,SIM-00218,injected,true,2026-10-01T10:37:34.561488+00:00,,sha256:075faa9cca1d50c0,0.5,20261001T103734-98563d0d-0.5
sim-neutral-memory,SIM-00221,injected,false,2026-10-01T10:37:34.562568+00:00,,sha256:075faa9cca1d50c0,0.5,20261001T103734-98563d0d-0.5
sim-neutral-memory,SIM-00224,injected,true,2026-10-01T10:37:34.563611+00:00,,sha256:075faa9cca1d50c0,0.5,20261001T103734-98563d0d-0.5
sim-neutral-memory,SIM-00227,withheld,true,2026-10-01T10:37:34.564824+00:00,,sha256:075faa9cca1d50c0,0.5,20261001T103734-98563d0d-0.5
sim-neutral-memory,SIM-00230,injected,false,2026-10-01T10:37:34.565877+00:00,,sha256:075faa9cca1d50c0,0.5,20261001T103734-98563d0d-0.5
sim-neutral-memory,SIM-00233,injected,false,2026-10-01T10:37:34.566928+00:00,,sha256:075faa9cca1d50c0,0.5,20261001T103734-98563d0d-0.5
sim-neutral-memory,SIM-00236,withheld,false,2026-10-01T10:37:34.567974+00:00,,sha256:075faa9cca1d50c0,0.5,20261001T103734-98563d0d-0.5
sim-neutral-memory,SIM-00239,withheld,false,2026-10-01T10:37:34.569164+00:00,,sha256:075faa9cca1d50c0,0.5,20261001T103734-98563d0d-0.5
sim-neutral-memory,SIM-00242,injected,false,2026-10-01T10:37:34.570202+00:00,,sha256:075faa9cca1d50c0,0.5,20261001T103734-98563d0d-0.5
sim-neutral-memory,SIM-00245,withheld,false,2026-10-01T10:37:34.571274+00:00,,sha256:075faa9cca1d50c0,0.5,20261001T103734-98563d0d-0.5
sim-neutral-memory,SIM-00248,withheld,false,2026-10-01T10:37:34.572299+00:00,,sha256:075faa9cca1d50c0,0.5,20261001T103734-98563d0d-0.5
sim-neutral-memory,SIM-00251,injected,true,2026-10-01T10:37:34.573465+00:00,,sha256:075faa9cca1d50c0,0.5,20261001T103734-98563d0d-0.5
sim-neutral-memory,SIM-00254,injected,true,2026-10-01T10:37:34.574530+00:00,,sha256:075faa9cca1d50c0,0.5,20261001T103734-98563d0d-0.5
sim-neutral-memory,SIM-00257,withheld,true,2026-10-01T10:37:34.575557+00:00,,sha256:075faa9cca1d50c0,0.5,20261001T103734-98563d0d-0.5
sim-neutral-memory,SIM-00260,injected,false,2026-10-01T10:37:34.576751+00:00,,sha256:075faa9cca1d50c0,0.5,20261001T103734-98563d0d-0.5
sim-neutral-memory,SIM-00263,withheld,false,2026-10-01T10:37:34.577852+00:00,,sha256:075faa9cca1d50c0,0.5,20261001T103734-98563d0d-0.5
sim-neutral-memory,SIM-00266,withheld,false,2026-10-01T10:37:34.578931+00:00,,sha256:075faa9cca1d50c0,0.5,20261001T103734-98563d0d-0.5
sim-neutral-memory,SIM-00269,withheld,true,2026-10-01T10:37:34.579972+00:00,,sha256:075faa9cca1d50c0,0.5,20261001T103734-98563d0d-0.5
sim-neutral-memory,SIM-00272,withheld,true,2026-10-01T10:37:34.581141+00:00,,sha256:075faa9cca1d50c0,0.5,20261001T103734-98563d0d-0.5
sim-neutral-memory,SIM-00275,withheld,false,2026-10-01T10:37:34.582184+00:00,,sha256:075faa9cca1d50c0,0.5,20261001T103734-98563d0d-0.5
sim-neutral-memory,SIM-00278,withheld,true,2026-10-01T10:37:34.583265+00:00,,sha256:075faa9cca1d50c0,0.5,20261001T103734-98563d0d-0.5
sim-neutral-memory,SIM-00281,injected,false,2026-10-01T10:37:34.584305+00:00,,sha256:075faa9cca1d50c0,0.5,20261001T103734-98563d0d-0.5
sim-neutral-memory,SIM-00284,injected,true,2026-10-01T10:37:34.585447+00:00,,sha256:075faa9cca1d50c0,0.5,20261001T103734-98563d0d-0.5
sim-neutral-memory,SIM-00287,injected,false,2026-10-01T10:37:34.586488+00:00,,sha256:075faa9cca1d50c0,0.5,20261001T103734-98563d0d-0.5
sim-neutral-memory,SIM-00290,injected,true,2026-10-01T10:37:34.587540+00:00,,sha256:075faa9cca1d50c0,0.5,20261001T103734-98563d0d-0.5
sim-neutral-memory,SIM-00293,withheld,true,2026-10-01T10:37:34.588864+00:00,,sha256:075faa9cca1d50c0,0.5,20261001T103734-98563d0d-0.5
sim-neutral-memory,SIM-00296,withheld,false,2026-10-01T10:37:34.589906+00:00,,sha256:075faa9cca1d50c0,0.5,20261001T103734-98563d0d-0.5
sim-neutral-memory,SIM-00299,withheld,true,2026-10-01T10:37:34.590952+00:00,,sha256:075faa9cca1d50c0,0.5,20261001T103734-98563d0d-0.5
sim-neutral-memory,SIM-00302,injected,false,2026-10-01T10:37:34.592225+00:00,,sha256:075faa9cca1d50c0,0.5,20261001T103734-98563d0d-0.5
sim-neutral-memory,SIM-00305,injected,true,2026-10-01T10:37:34.593393+00:00,,sha256:075faa9cca1d50c0,0.5,20261001T103734-98563d0d-0.5
sim-neutral-memory,SIM-00308,withheld,false,2026-10-01T10:37:34.594439+00:00,,sha256:075faa9cca1d50c0,0.5,20261001T103734-98563d0d-0.5
sim-neutral-memory,SIM-00311,withheld,true,2026-10-01T10:37:34.595538+00:00,,sha256:075faa9cca1d50c0,0.5,20261001T103734-98563d0d-0.5
sim-neutral-memory,SIM-00314,injected,true,2026-10-01T10:37:34.596758+00:00,,sha256:075faa9cca1d50c0,0.5,20261001T103734-98563d0d-0.5
sim-neutral-memory,SIM-00317,injected,false,2026-10-01T10:37:34.597905+00:00,,sha256:075faa9cca1d50c0,0.5,20261001T103734-98563d0d-0.5
sim-neutral-memory,SIM-00320,withheld,true,2026-10-01T10:37:34.598968+00:00,,sha256:075faa9cca1d50c0,0.5,20261001T103734-98563d0d-0.5
sim-neutral-memory,SIM-00323,injected,true,2026-10-01T10:37:34.599999+00:00,,sha256:075faa9cca1d50c0,0.5,20261001T103734-98563d0d-0.5
sim-neutral-memory,SIM-00326,injected,false,2026-10-01T10:37:34.601148+00:00,,sha256:075faa9cca1d50c0,0.5,20261001T103734-98563d0d-0.5
sim-neutral-memory,SIM-00329,withheld,false,2026-10-01T10:37:34.602188+00:00,,sha256:075faa9cca1d50c0,0.5,20261001T103734-98563d0d-0.5
sim-neutral-memory,SIM-00332,withheld,true,2026-10-01T10:37:34.603225+00:00,,sha256:075faa9cca1d50c0,0.5,20261001T103734-98563d0d-0.5
sim-neutral-memory,SIM-00335,injected,false,2026-10-01T10:37:34.604432+00:00,,sha256:075faa9cca1d50c0,0.5,20261001T103734-98563d0d-0.5
sim-neutral-memory,SIM-00338,injected,false,2026-10-01T10:37:34.605508+00:00,,sha256:075faa9cca1d50c0,0.5,20261001T103734-98563d0d-0.5
sim-neutral-memory,SIM-00341,injected,false,2026-10-01T10:37:34.606548+00:00,,sha256:075faa9cca1d50c0,0.5,20261001T103734-98563d0d-0.5
sim-neutral-memory,SIM-00344,withheld,false,2026-10-01T10:37:34.607596+00:00,,sha256:075faa9cca1d50c0,0.5,20261001T103734-98563d0d-0.5
sim-neutral-memory,SIM-00347,injected,false,2026-10-01T10:37:34.608809+00:00,,sha256:075faa9cca1d50c0,0.5,20261001T103734-98563d0d-0.5
sim-neutral-memory,SIM-00350,withheld,false,2026-10-01T10:37:34.609940+00:00,,sha256:075faa9cca1d50c0,0.5,20261001T103734-98563d0d-0.5
sim-neutral-memory,SIM-00353,withheld,true,2026-10-01T10:37:34.611046+00:00,,sha256:075faa9cca1d50c0,0.5,20261001T103734-98563d0d-0.5
sim-neutral-memory,SIM-00356,withheld,false,2026-10-01T10:37:34.612123+00:00,,sha256:075faa9cca1d50c0,0.5,20261001T103734-98563d0d-0.5
sim-neutral-memory,SIM-00359,injected,true,2026-10-01T10:37:34.613359+00:00,,sha256:075faa9cca1d50c0,0.5,20261001T103734-98563d0d-0.5
sim-neutral-memory,SIM-00362,withheld,false,2026-10-01T10:37:34.614397+00:00,,sha256:075faa9cca1d50c0,0.5,20261001T103734-98563d0d-0.5
sim-neutral-memory,SIM-00365,withheld,true,2026-10-01T10:37:34.615459+00:00,,sha256:075faa9cca1d50c0,0.5,20261001T103734-98563d0d-0.5
sim-neutral-memory,SIM-00368,injected,true,2026-10-01T10:37:34.616613+00:00,,sha256:075faa9cca1d50c0,0.5,20261001T103734-98563d0d-0.5
sim-neutral-memory,SIM-00371,withheld,true,2026-10-01T10:37:34.617664+00:00,,sha256:075faa9cca1d50c0,0.5,20261001T103734-98563d0d-0.5
sim-neutral-memory,SIM-00374,injected,true,2026-10-01T10:37:34.618747+00:00,,sha256:075faa9cca1d50c0,0.5,20261001T103734-98563d0d-0.5
sim-neutral-memory,SIM-00377,injected,false,2026-10-01T10:37:34.619854+00:00,,sha256:075faa9cca1d50c0,0.5,20261001T103734-98563d0d-0.5
sim-neutral-memory,SIM-00380,withheld,false,2026-10-01T10:37:34.621121+00:00,,sha256:075faa9cca1d50c0,0.5,20261001T103734-98563d0d-0.5
sim-neutral-memory,SIM-00383,withheld,false,2026-10-01T10:37:34.622162+00:00,,sha256:075faa9cca1d50c0,0.5,20261001T103734-98563d0d-0.5
sim-neutral-memory,SIM-00386,withheld,false,2026-10-01T10:37:34.623226+00:00,,sha256:075faa9cca1d50c0,0.5,20261001T103734-98563d0d-0.5
sim-neutral-memory,SIM-00389,injected,false,2026-10-01T10:37:34.624252+00:00,,sha256:075faa9cca1d50c0,0.5,20261001T103734-98563d0d-0.5
sim-neutral-memory,SIM-00392,withheld,true,2026-10-01T10:37:34.625395+00:00,,sha256:075faa9cca1d50c0,0.5,20261001T103734-98563d0d-0.5
sim-neutral-memory,SIM-00395,injected,true,2026-10-01T10:37:34.626423+00:00,,sha256:075faa9cca1d50c0,0.5,20261001T103734-98563d0d-0.5
sim-neutral-memory,SIM-00398,withheld,false,2026-10-01T10:37:34.627455+00:00,,sha256:075faa9cca1d50c0,0.5,20261001T103734-98563d0d-0.5
sim-neutral-memory,SIM-00401,withheld,true,2026-10-01T10:37:34.628757+00:00,,sha256:075faa9cca1d50c0,0.5,20261001T103734-98563d0d-0.5
sim-neutral-memory,SIM-00404,withheld,false,2026-10-01T10:37:34.629966+00:00,,sha256:075faa9cca1d50c0,0.5,20261001T103734-98563d0d-0.5
sim-neutral-memory,SIM-00407,injected,true,2026-10-01T10:37:34.631026+00:00,,sha256:075faa9cca1d50c0,0.5,20261001T103734-98563d0d-0.5
sim-neutral-memory,SIM-00410,injected,true,2026-10-01T10:37:34.632088+00:00,,sha256:075faa9cca1d50c0,0.5,20261001T103734-98563d0d-0.5
sim-neutral-memory,SIM-00413,withheld,false,2026-10-01T10:37:34.633238+00:00,,sha256:075faa9cca1d50c0,0.5,20261001T103734-98563d0d-0.5
sim-neutral-memory,SIM-00416,injected,true,2026-10-01T10:37:34.634284+00:00,,sha256:075faa9cca1d50c0,0.5,20261001T103734-98563d0d-0.5
sim-neutral-memory,SIM-00419,withheld,false,2026-10-01T10:37:34.635327+00:00,,sha256:075faa9cca1d50c0,0.5,20261001T103734-98563d0d-0.5
sim-neutral-memory,SIM-00422,injected,false,2026-10-01T10:37:34.636483+00:00,,sha256:075faa9cca1d50c0,0.5,20261001T103734-98563d0d-0.5
sim-neutral-memory,SIM-00425,injected,true,2026-10-01T10:37:34.637563+00:00,,sha256:075faa9cca1d50c0,0.5,20261001T103734-98563d0d-0.5
sim-neutral-memory,SIM-00428,withheld,false,2026-10-01T10:37:34.638622+00:00,,sha256:075faa9cca1d50c0,0.5,20261001T103734-98563d0d-0.5
sim-neutral-memory,SIM-00431,withheld,false,2026-10-01T10:37:34.639658+00:00,,sha256:075faa9cca1d50c0,0.5,20261001T103734-98563d0d-0.5
sim-neutral-memory,SIM-00434,injected,false,2026-10-01T10:37:34.640893+00:00,,sha256:075faa9cca1d50c0,0.5,20261001T103734-98563d0d-0.5
sim-neutral-memory,SIM-00437,injected,false,2026-10-01T10:37:34.641967+00:00,,sha256:075faa9cca1d50c0,0.5,20261001T103734-98563d0d-0.5
sim-neutral-memory,SIM-00440,injected,true,2026-10-01T10:37:34.642995+00:00,,sha256:075faa9cca1d50c0,0.5,20261001T103734-98563d0d-0.5
sim-neutral-memory,SIM-00443,injected,true,2026-10-01T10:37:34.644024+00:00,,sha256:075faa9cca1d50c0,0.5,20261001T103734-98563d0d-0.5
sim-neutral-memory,SIM-00446,withheld,true,2026-10-01T10:37:34.645254+00:00,,sha256:075faa9cca1d50c0,0.5,20261001T103734-98563d0d-0.5
sim-neutral-memory,SIM-00449,injected,false,2026-10-01T10:37:34.646317+00:00,,sha256:075faa9cca1d50c0,0.5,20261001T103734-98563d0d-0.5
sim-neutral-memory,SIM-00452,injected,false,2026-10-01T10:37:34.647359+00:00,,sha256:075faa9cca1d50c0,0.5,20261001T103734-98563d0d-0.5
sim-neutral-memory,SIM-00455,withheld,false,2026-10-01T10:37:34.648501+00:00,,sha256:075faa9cca1d50c0,0.5,20261001T103734-98563d0d-0.5
sim-neutral-memory,SIM-00458,injected,false,2026-10-01T10:37:34.649605+00:00,,sha256:075faa9cca1d50c0,0.5,20261001T103734-98563d0d-0.5
sim-neutral-memory,SIM-00461,injected,true,2026-10-01T10:37:34.650816+00:00,,sha256:075faa9cca1d50c0,0.5,20261001T103734-98563d0d-0.5
sim-neutral-memory,SIM-00464,withheld,true,2026-10-01T10:37:34.651863+00:00,,sha256:075faa9cca1d50c0,0.5,20261001T103734-98563d0d-0.5
sim-neutral-memory,SIM-00467,injected,false,2026-10-01T10:37:34.653066+00:00,,sha256:075faa9cca1d50c0,0.5,20261001T103734-98563d0d-0.5
sim-neutral-memory,SIM-00470,injected,true,2026-10-01T10:37:34.654102+00:00,,sha256:075faa9cca1d50c0,0.5,20261001T103734-98563d0d-0.5
sim-neutral-memory,SIM-00473,injected,true,2026-10-01T10:37:34.655127+00:00,,sha256:075faa9cca1d50c0,0.5,20261001T103734-98563d0d-0.5
sim-neutral-memory,SIM-00476,withheld,false,2026-10-01T10:37:34.656153+00:00,,sha256:075faa9cca1d50c0,0.5,20261001T103734-98563d0d-0.5
sim-neutral-memory,SIM-00479,withheld,false,2026-10-01T10:37:34.657290+00:00,,sha256:075faa9cca1d50c0,0.5,20261001T103734-98563d0d-0.5
sim-neutral-memory,SIM-00482,injected,true,2026-10-01T10:37:34.658374+00:00,,sha256:075faa9cca1d50c0,0.5,20261001T103734-98563d0d-0.5
sim-neutral-memory,SIM-00485,injected,false,2026-10-01T10:37:34.659425+00:00,,sha256:075faa9cca1d50c0,0.5,20261001T103734-98563d0d-0.5
sim-neutral-memory,SIM-00488,withheld,false,2026-10-01T10:37:34.660610+00:00,,sha256:075faa9cca1d50c0,0.5,20261001T103734-98563d0d-0.5
sim-neutral-memory,SIM-00491,withheld,false,2026-10-01T10:37:34.661658+00:00,,sha256:075faa9cca1d50c0,0.5,20261001T103734-98563d0d-0.5
sim-neutral-memory,SIM-00494,injected,true,2026-10-01T10:37:34.662704+00:00,,sha256:075faa9cca1d50c0,0.5,20261001T103734-98563d0d-0.5
sim-neutral-memory,SIM-00497,withheld,false,2026-10-01T10:37:34.663742+00:00,,sha256:075faa9cca1d50c0,0.5,20261001T103734-98563d0d-0.5
sim-neutral-memory,SIM-00500,withheld,true,2026-10-01T10:37:34.665001+00:00,,sha256:075faa9cca1d50c0,0.5,20261001T103734-98563d0d-0.5
sim-neutral-memory,SIM-00503,injected,true,2026-10-01T10:37:34.666136+00:00,,sha256:075faa9cca1d50c0,0.5,20261001T103734-98563d0d-0.5
sim-neutral-memory,SIM-00506,withheld,false,2026-10-01T10:37:34.667184+00:00,,sha256:075faa9cca1d50c0,0.5,20261001T103734-98563d0d-0.5
sim-neutral-memory,SIM-00509,withheld,true,2026-10-01T10:37:34.668216+00:00,,sha256:075faa9cca1d50c0,0.5,20261001T103734-98563d0d-0.5
sim-neutral-memory,SIM-00512,withheld,true,2026-10-01T10:37:34.669334+00:00,,sha256:075faa9cca1d50c0,0.5,20261001T103734-98563d0d-0.5
sim-neutral-memory,SIM-00515,withheld,true,2026-10-01T10:37:34.670388+00:00,,sha256:075faa9cca1d50c0,0.5,20261001T103734-98563d0d-0.5
sim-neutral-memory,SIM-00518,withheld,true,2026-10-01T10:37:34.671458+00:00,,sha256:075faa9cca1d50c0,0.5,20261001T103734-98563d0d-0.5
sim-neutral-memory,SIM-00521,injected,true,2026-10-01T10:37:34.672717+00:00,,sha256:075faa9cca1d50c0,0.5,20261001T103734-98563d0d-0.5
sim-neutral-memory,SIM-00524,withheld,false,2026-10-01T10:37:34.673834+00:00,,sha256:075faa9cca1d50c0,0.5,20261001T103734-98563d0d-0.5
sim-neutral-memory,SIM-00527,withheld,false,2026-10-01T10:37:34.674875+00:00,,sha256:075faa9cca1d50c0,0.5,20261001T103734-98563d0d-0.5
sim-neutral-memory,SIM-00530,withheld,true,2026-10-01T10:37:34.675909+00:00,,sha256:075faa9cca1d50c0,0.5,20261001T103734-98563d0d-0.5
sim-neutral-memory,SIM-00533,withheld,true,2026-10-01T10:37:34.677097+00:00,,sha256:075faa9cca1d50c0,0.5,20261001T103734-98563d0d-0.5
sim-neutral-memory,SIM-00536,injected,false,2026-10-01T10:37:34.678151+00:00,,sha256:075faa9cca1d50c0,0.5,20261001T103734-98563d0d-0.5
sim-neutral-memory,SIM-00539,withheld,false,2026-10-01T10:37:34.679340+00:00,,sha256:075faa9cca1d50c0,0.5,20261001T103734-98563d0d-0.5
sim-neutral-memory,SIM-00542,injected,true,2026-10-01T10:37:34.680481+00:00,,sha256:075faa9cca1d50c0,0.5,20261001T103734-98563d0d-0.5
sim-neutral-memory,SIM-00545,injected,false,2026-10-01T10:37:34.681616+00:00,,sha256:075faa9cca1d50c0,0.5,20261001T103734-98563d0d-0.5
sim-neutral-memory,SIM-00548,withheld,false,2026-10-01T10:37:34.682675+00:00,,sha256:075faa9cca1d50c0,0.5,20261001T103734-98563d0d-0.5
sim-neutral-memory,SIM-00551,withheld,false,2026-10-01T10:37:34.683737+00:00,,sha256:075faa9cca1d50c0,0.5,20261001T103734-98563d0d-0.5
sim-neutral-memory,SIM-00554,injected,true,2026-10-01T10:37:34.684991+00:00,,sha256:075faa9cca1d50c0,0.5,20261001T103734-98563d0d-0.5
sim-neutral-memory,SIM-00557,injected,true,2026-10-01T10:37:34.686029+00:00,,sha256:075faa9cca1d50c0,0.5,20261001T103734-98563d0d-0.5
sim-neutral-memory,SIM-00560,withheld,true,2026-10-01T10:37:34.687068+00:00,,sha256:075faa9cca1d50c0,0.5,20261001T103734-98563d0d-0.5
sim-neutral-memory,SIM-00563,injected,true,2026-10-01T10:37:34.688108+00:00,,sha256:075faa9cca1d50c0,0.5,20261001T103734-98563d0d-0.5
sim-neutral-memory,SIM-00566,withheld,true,2026-10-01T10:37:34.689312+00:00,,sha256:075faa9cca1d50c0,0.5,20261001T103734-98563d0d-0.5
sim-neutral-memory,SIM-00569,injected,true,2026-10-01T10:37:34.690346+00:00,,sha256:075faa9cca1d50c0,0.5,20261001T103734-98563d0d-0.5
sim-neutral-memory,SIM-00572,withheld,true,2026-10-01T10:37:34.691377+00:00,,sha256:075faa9cca1d50c0,0.5,20261001T103734-98563d0d-0.5
sim-neutral-memory,SIM-00575,withheld,true,2026-10-01T10:37:34.692533+00:00,,sha256:075faa9cca1d50c0,0.5,20261001T103734-98563d0d-0.5
sim-neutral-memory,SIM-00578,injected,true,2026-10-01T10:37:34.693599+00:00,,sha256:075faa9cca1d50c0,0.5,20261001T103734-98563d0d-0.5
sim-neutral-memory,SIM-00581,withheld,false,2026-10-01T10:37:34.694635+00:00,,sha256:075faa9cca1d50c0,0.5,20261001T103734-98563d0d-0.5
sim-neutral-memory,SIM-00584,injected,false,2026-10-01T10:37:34.695677+00:00,,sha256:075faa9cca1d50c0,0.5,20261001T103734-98563d0d-0.5
sim-neutral-memory,SIM-00587,withheld,false,2026-10-01T10:37:34.696968+00:00,,sha256:075faa9cca1d50c0,0.5,20261001T103734-98563d0d-0.5
sim-neutral-memory,SIM-00590,injected,true,2026-10-01T10:37:34.698041+00:00,,sha256:075faa9cca1d50c0,0.5,20261001T103734-98563d0d-0.5
sim-neutral-memory,SIM-00593,injected,false,2026-10-01T10:37:34.699084+00:00,,sha256:075faa9cca1d50c0,0.5,20261001T103734-98563d0d-0.5
sim-neutral-memory,SIM-00596,withheld,true,2026-10-01T10:37:34.700123+00:00,,sha256:075faa9cca1d50c0,0.5,20261001T103734-98563d0d-0.5
sim-neutral-memory,SIM-00599,withheld,true,2026-10-01T10:37:34.701289+00:00,,sha256:075faa9cca1d50c0,0.5,20261001T103734-98563d0d-0.5
sim-neutral-memory,SIM-00602,withheld,false,2026-10-01T10:37:34.702341+00:00,,sha256:075faa9cca1d50c0,0.5,20261001T103734-98563d0d-0.5
sim-neutral-memory,SIM-00605,withheld,true,2026-10-01T10:37:34.703381+00:00,,sha256:075faa9cca1d50c0,0.5,20261001T103734-98563d0d-0.5
sim-neutral-memory,SIM-00608,withheld,true,2026-10-01T10:37:34.704486+00:00,,sha256:075faa9cca1d50c0,0.5,20261001T103734-98563d0d-0.5
sim-neutral-memory,SIM-00611,withheld,false,2026-10-01T10:37:34.705585+00:00,,sha256:075faa9cca1d50c0,0.5,20261001T103734-98563d0d-0.5
sim-neutral-memory,SIM-00614,withheld,true,2026-10-01T10:37:34.706620+00:00,,sha256:075faa9cca1d50c0,0.5,20261001T103734-98563d0d-0.5
sim-neutral-memory,SIM-00617,withheld,true,2026-10-01T10:37:34.707712+00:00,,sha256:075faa9cca1d50c0,0.5,20261001T103734-98563d0d-0.5
sim-neutral-memory,SIM-00620,withheld,false,2026-10-01T10:37:34.709068+00:00,,sha256:075faa9cca1d50c0,0.5,20261001T103734-98563d0d-0.5
sim-neutral-memory,SIM-00623,withheld,false,2026-10-01T10:37:34.710123+00:00,,sha256:075faa9cca1d50c0,0.5,20261001T103734-98563d0d-0.5
sim-neutral-memory,SIM-00626,injected,false,2026-10-01T10:37:34.711164+00:00,,sha256:075faa9cca1d50c0,0.5,20261001T103734-98563d0d-0.5
sim-neutral-memory,SIM-00629,withheld,false,2026-10-01T10:37:34.712193+00:00,,sha256:075faa9cca1d50c0,0.5,20261001T103734-98563d0d-0.5
sim-neutral-memory,SIM-00632,withheld,false,2026-10-01T10:37:34.713382+00:00,,sha256:075faa9cca1d50c0,0.5,20261001T103734-98563d0d-0.5
sim-neutral-memory,SIM-00635,withheld,false,2026-10-01T10:37:34.714450+00:00,,sha256:075faa9cca1d50c0,0.5,20261001T103734-98563d0d-0.5
sim-neutral-memory,SIM-00638,withheld,true,2026-10-01T10:37:34.715494+00:00,,sha256:075faa9cca1d50c0,0.5,20261001T103734-98563d0d-0.5
sim-neutral-memory,SIM-00641,injected,false,2026-10-01T10:37:34.716711+00:00,,sha256:075faa9cca1d50c0,0.5,20261001T103734-98563d0d-0.5
sim-neutral-memory,SIM-00644,withheld,true,2026-10-01T10:37:34.717823+00:00,,sha256:075faa9cca1d50c0,0.5,20261001T103734-98563d0d-0.5
sim-neutral-memory,SIM-00647,withheld,true,2026-10-01T10:37:34.718884+00:00,,sha256:075faa9cca1d50c0,0.5,20261001T103734-98563d0d-0.5
sim-neutral-memory,SIM-00650,withheld,false,2026-10-01T10:37:34.720181+00:00,,sha256:075faa9cca1d50c0,0.5,20261001T103734-98563d0d-0.5
sim-neutral-memory,SIM-00653,withheld,true,2026-10-01T10:37:34.721335+00:00,,sha256:075faa9cca1d50c0,0.5,20261001T103734-98563d0d-0.5
sim-neutral-memory,SIM-00656,injected,false,2026-10-01T10:37:34.722369+00:00,,sha256:075faa9cca1d50c0,0.5,20261001T103734-98563d0d-0.5
sim-neutral-memory,SIM-00659,injected,true,2026-10-01T10:37:34.723414+00:00,,sha256:075faa9cca1d50c0,0.5,20261001T103734-98563d0d-0.5
sim-neutral-memory,SIM-00662,injected,true,2026-10-01T10:37:34.724603+00:00,,sha256:075faa9cca1d50c0,0.5,20261001T103734-98563d0d-0.5
sim-neutral-memory,SIM-00665,injected,true,2026-10-01T10:37:34.725672+00:00,,sha256:075faa9cca1d50c0,0.5,20261001T103734-98563d0d-0.5
sim-neutral-memory,SIM-00668,injected,false,2026-10-01T10:37:34.726725+00:00,,sha256:075faa9cca1d50c0,0.5,20261001T103734-98563d0d-0.5
sim-neutral-memory,SIM-00671,withheld,true,2026-10-01T10:37:34.728016+00:00,,sha256:075faa9cca1d50c0,0.5,20261001T103734-98563d0d-0.5
sim-neutral-memory,SIM-00674,withheld,false,2026-10-01T10:37:34.729189+00:00,,sha256:075faa9cca1d50c0,0.5,20261001T103734-98563d0d-0.5
sim-neutral-memory,SIM-00677,injected,false,2026-10-01T10:37:34.730241+00:00,,sha256:075faa9cca1d50c0,0.5,20261001T103734-98563d0d-0.5
sim-neutral-memory,SIM-00680,injected,true,2026-10-01T10:37:34.731306+00:00,,sha256:075faa9cca1d50c0,0.5,20261001T103734-98563d0d-0.5
sim-neutral-memory,SIM-00683,withheld,true,2026-10-01T10:37:34.732503+00:00,,sha256:075faa9cca1d50c0,0.5,20261001T103734-98563d0d-0.5
sim-neutral-memory,SIM-00686,injected,true,2026-10-01T10:37:34.733598+00:00,,sha256:075faa9cca1d50c0,0.5,20261001T103734-98563d0d-0.5
sim-neutral-memory,SIM-00689,injected,false,2026-10-01T10:37:34.734643+00:00,,sha256:075faa9cca1d50c0,0.5,20261001T103734-98563d0d-0.5
sim-neutral-memory,SIM-00692,injected,true,2026-10-01T10:37:34.735681+00:00,,sha256:075faa9cca1d50c0,0.5,20261001T103734-98563d0d-0.5
sim-neutral-memory,SIM-00695,withheld,true,2026-10-01T10:37:34.736936+00:00,,sha256:075faa9cca1d50c0,0.5,20261001T103734-98563d0d-0.5
sim-neutral-memory,SIM-00698,injected,false,2026-10-01T10:37:34.738052+00:00,,sha256:075faa9cca1d50c0,0.5,20261001T103734-98563d0d-0.5
sim-neutral-memory,SIM-00701,injected,true,2026-10-01T10:37:34.739101+00:00,,sha256:075faa9cca1d50c0,0.5,20261001T103734-98563d0d-0.5
sim-neutral-memory,SIM-00704,withheld,false,2026-10-01T10:37:34.740156+00:00,,sha256:075faa9cca1d50c0,0.5,20261001T103734-98563d0d-0.5
sim-neutral-memory,SIM-00707,injected,false,2026-10-01T10:37:34.741481+00:00,,sha256:075faa9cca1d50c0,0.5,20261001T103734-98563d0d-0.5
sim-neutral-memory,SIM-00710,withheld,false,2026-10-01T10:37:34.742621+00:00,,sha256:075faa9cca1d50c0,0.5,20261001T103734-98563d0d-0.5
sim-neutral-memory,SIM-00713,withheld,true,2026-10-01T10:37:34.745102+00:00,,sha256:075faa9cca1d50c0,0.5,20261001T103734-98563d0d-0.5
sim-neutral-memory,SIM-00716,withheld,true,2026-10-01T10:37:34.748538+00:00,,sha256:075faa9cca1d50c0,0.5,20261001T103734-98563d0d-0.5
sim-neutral-memory,SIM-00719,withheld,false,2026-10-01T10:37:34.749733+00:00,,sha256:075faa9cca1d50c0,0.5,20261001T103734-98563d0d-0.5
sim-neutral-memory,SIM-00722,injected,true,2026-10-01T10:37:34.754563+00:00,,sha256:075faa9cca1d50c0,0.5,20261001T103734-98563d0d-0.5
sim-neutral-memory,SIM-00725,withheld,false,2026-10-01T10:37:34.755701+00:00,,sha256:075faa9cca1d50c0,0.5,20261001T103734-98563d0d-0.5
sim-neutral-memory,SIM-00728,injected,false,2026-10-01T10:37:34.756988+00:00,,sha256:075faa9cca1d50c0,0.5,20261001T103734-98563d0d-0.5
sim-neutral-memory,SIM-00731,withheld,true,2026-10-01T10:37:34.758321+00:00,,sha256:075faa9cca1d50c0,0.5,20261001T103734-98563d0d-0.5
sim-neutral-memory,SIM-00734,withheld,true,2026-10-01T10:37:34.759451+00:00,,sha256:075faa9cca1d50c0,0.5,20261001T103734-98563d0d-0.5
sim-neutral-memory,SIM-00737,withheld,false,2026-10-01T10:37:34.760729+00:00,,sha256:075faa9cca1d50c0,0.5,20261001T103734-98563d0d-0.5
sim-neutral-memory,SIM-00740,withheld,false,2026-10-01T10:37:34.762191+00:00,,sha256:075faa9cca1d50c0,0.5,20261001T103734-98563d0d-0.5
sim-neutral-memory,SIM-00743,injected,true,2026-10-01T10:37:34.763406+00:00,,sha256:075faa9cca1d50c0,0.5,20261001T103734-98563d0d-0.5
sim-neutral-memory,SIM-00746,withheld,true,2026-10-01T10:37:34.764630+00:00,,sha256:075faa9cca1d50c0,0.5,20261001T103734-98563d0d-0.5
sim-neutral-memory,SIM-00749,withheld,false,2026-10-01T10:37:34.765752+00:00,,sha256:075faa9cca1d50c0,0.5,20261001T103734-98563d0d-0.5
sim-neutral-memory,SIM-00752,injected,false,2026-10-01T10:37:34.767466+00:00,,sha256:075faa9cca1d50c0,0.5,20261001T103734-98563d0d-0.5
sim-neutral-memory,SIM-00755,withheld,true,2026-10-01T10:37:34.768865+00:00,,sha256:075faa9cca1d50c0,0.5,20261001T103734-98563d0d-0.5
sim-neutral-memory,SIM-00758,withheld,false,2026-10-01T10:37:34.771232+00:00,,sha256:075faa9cca1d50c0,0.5,20261001T103734-98563d0d-0.5
sim-neutral-memory,SIM-00761,injected,true,2026-10-01T10:37:34.772422+00:00,,sha256:075faa9cca1d50c0,0.5,20261001T103734-98563d0d-0.5
sim-neutral-memory,SIM-00764,withheld,true,2026-10-01T10:37:34.773650+00:00,,sha256:075faa9cca1d50c0,0.5,20261001T103734-98563d0d-0.5
sim-neutral-memory,SIM-00767,withheld,true,2026-10-01T10:37:34.774864+00:00,,sha256:075faa9cca1d50c0,0.5,20261001T103734-98563d0d-0.5
sim-neutral-memory,SIM-00770,withheld,true,2026-10-01T10:37:34.776010+00:00,,sha256:075faa9cca1d50c0,0.5,20261001T103734-98563d0d-0.5
sim-neutral-memory,SIM-00773,injected,false,2026-10-01T10:37:34.777248+00:00,,sha256:075faa9cca1d50c0,0.5,20261001T103734-98563d0d-0.5
sim-neutral-memory,SIM-00776,withheld,false,2026-10-01T10:37:34.778398+00:00,,sha256:075faa9cca1d50c0,0.5,20261001T103734-98563d0d-0.5
sim-neutral-memory,SIM-00779,withheld,true,2026-10-01T10:37:34.779460+00:00,,sha256:075faa9cca1d50c0,0.5,20261001T103734-98563d0d-0.5
sim-neutral-memory,SIM-00782,injected,true,2026-10-01T10:37:34.780672+00:00,,sha256:075faa9cca1d50c0,0.5,20261001T103734-98563d0d-0.5
sim-neutral-memory,SIM-00785,withheld,false,2026-10-01T10:37:34.781743+00:00,,sha256:075faa9cca1d50c0,0.5,20261001T103734-98563d0d-0.5
sim-neutral-memory,SIM-00788,injected,true,2026-10-01T10:37:34.782852+00:00,,sha256:075faa9cca1d50c0,0.5,20261001T103734-98563d0d-0.5
sim-neutral-memory,SIM-00791,withheld,false,2026-10-01T10:37:34.783914+00:00,,sha256:075faa9cca1d50c0,0.5,20261001T103734-98563d0d-0.5
sim-neutral-memory,SIM-00794,injected,true,2026-10-01T10:37:34.785089+00:00,,sha256:075faa9cca1d50c0,0.5,20261001T103734-98563d0d-0.5
sim-neutral-memory,SIM-00797,withheld,true,2026-10-01T10:37:34.786146+00:00,,sha256:075faa9cca1d50c0,0.5,20261001T103734-98563d0d-0.5
sim-neutral-memory,SIM-00800,injected,false,2026-10-01T10:37:34.787428+00:00,,sha256:075faa9cca1d50c0,0.5,20261001T103734-98563d0d-0.5
sim-neutral-memory,SIM-00803,withheld,false,2026-10-01T10:37:34.788699+00:00,,sha256:075faa9cca1d50c0,0.5,20261001T103734-98563d0d-0.5
sim-neutral-memory,SIM-00806,withheld,false,2026-10-01T10:37:34.789804+00:00,,sha256:075faa9cca1d50c0,0.5,20261001T103734-98563d0d-0.5
sim-neutral-memory,SIM-00809,injected,false,2026-10-01T10:37:34.791037+00:00,,sha256:075faa9cca1d50c0,0.5,20261001T103734-98563d0d-0.5
sim-neutral-memory,SIM-00812,injected,false,2026-10-01T10:37:34.792156+00:00,,sha256:075faa9cca1d50c0,0.5,20261001T103734-98563d0d-0.5
sim-neutral-memory,SIM-00815,withheld,false,2026-10-01T10:37:34.793378+00:00,,sha256:075faa9cca1d50c0,0.5,20261001T103734-98563d0d-0.5
sim-neutral-memory,SIM-00818,injected,false,2026-10-01T10:37:34.794472+00:00,,sha256:075faa9cca1d50c0,0.5,20261001T103734-98563d0d-0.5
sim-neutral-memory,SIM-00821,withheld,false,2026-10-01T10:37:34.795526+00:00,,sha256:075faa9cca1d50c0,0.5,20261001T103734-98563d0d-0.5
sim-neutral-memory,SIM-00824,withheld,true,2026-10-01T10:37:34.796681+00:00,,sha256:075faa9cca1d50c0,0.5,20261001T103734-98563d0d-0.5
sim-neutral-memory,SIM-00827,injected,false,2026-10-01T10:37:34.797979+00:00,,sha256:075faa9cca1d50c0,0.5,20261001T103734-98563d0d-0.5
sim-neutral-memory,SIM-00830,withheld,false,2026-10-01T10:37:34.799062+00:00,,sha256:075faa9cca1d50c0,0.5,20261001T103734-98563d0d-0.5
sim-neutral-memory,SIM-00833,withheld,false,2026-10-01T10:37:34.800817+00:00,,sha256:075faa9cca1d50c0,0.5,20261001T103734-98563d0d-0.5
sim-neutral-memory,SIM-00836,withheld,true,2026-10-01T10:37:34.801923+00:00,,sha256:075faa9cca1d50c0,0.5,20261001T103734-98563d0d-0.5
sim-neutral-memory,SIM-00839,injected,false,2026-10-01T10:37:34.803004+00:00,,sha256:075faa9cca1d50c0,0.5,20261001T103734-98563d0d-0.5
sim-neutral-memory,SIM-00842,injected,false,2026-10-01T10:37:34.804076+00:00,,sha256:075faa9cca1d50c0,0.5,20261001T103734-98563d0d-0.5
sim-neutral-memory,SIM-00845,withheld,false,2026-10-01T10:37:34.805218+00:00,,sha256:075faa9cca1d50c0,0.5,20261001T103734-98563d0d-0.5
sim-neutral-memory,SIM-00848,injected,false,2026-10-01T10:37:34.806279+00:00,,sha256:075faa9cca1d50c0,0.5,20261001T103734-98563d0d-0.5
sim-neutral-memory,SIM-00851,withheld,true,2026-10-01T10:37:34.807344+00:00,,sha256:075faa9cca1d50c0,0.5,20261001T103734-98563d0d-0.5
sim-neutral-memory,SIM-00854,injected,false,2026-10-01T10:37:34.808542+00:00,,sha256:075faa9cca1d50c0,0.5,20261001T103734-98563d0d-0.5
sim-neutral-memory,SIM-00857,withheld,true,2026-10-01T10:37:34.809704+00:00,,sha256:075faa9cca1d50c0,0.5,20261001T103734-98563d0d-0.5
sim-neutral-memory,SIM-00860,withheld,false,2026-10-01T10:37:34.810759+00:00,,sha256:075faa9cca1d50c0,0.5,20261001T103734-98563d0d-0.5
sim-neutral-memory,SIM-00863,withheld,true,2026-10-01T10:37:34.811887+00:00,,sha256:075faa9cca1d50c0,0.5,20261001T103734-98563d0d-0.5
sim-neutral-memory,SIM-00866,withheld,false,2026-10-01T10:37:34.813057+00:00,,sha256:075faa9cca1d50c0,0.5,20261001T103734-98563d0d-0.5
sim-neutral-memory,SIM-00869,withheld,true,2026-10-01T10:37:34.814112+00:00,,sha256:075faa9cca1d50c0,0.5,20261001T103734-98563d0d-0.5
sim-neutral-memory,SIM-00872,injected,true,2026-10-01T10:37:34.815161+00:00,,sha256:075faa9cca1d50c0,0.5,20261001T103734-98563d0d-0.5
sim-neutral-memory,SIM-00875,injected,false,2026-10-01T10:37:34.816216+00:00,,sha256:075faa9cca1d50c0,0.5,20261001T103734-98563d0d-0.5
sim-neutral-memory,SIM-00878,withheld,true,2026-10-01T10:37:34.817457+00:00,,sha256:075faa9cca1d50c0,0.5,20261001T103734-98563d0d-0.5
sim-neutral-memory,SIM-00881,withheld,false,2026-10-01T10:37:34.818554+00:00,,sha256:075faa9cca1d50c0,0.5,20261001T103734-98563d0d-0.5
sim-neutral-memory,SIM-00884,withheld,false,2026-10-01T10:37:34.819662+00:00,,sha256:075faa9cca1d50c0,0.5,20261001T103734-98563d0d-0.5
sim-neutral-memory,SIM-00887,injected,false,2026-10-01T10:37:34.820849+00:00,,sha256:075faa9cca1d50c0,0.5,20261001T103734-98563d0d-0.5
sim-neutral-memory,SIM-00890,injected,true,2026-10-01T10:37:34.821910+00:00,,sha256:075faa9cca1d50c0,0.5,20261001T103734-98563d0d-0.5
sim-neutral-memory,SIM-00893,injected,true,2026-10-01T10:37:34.822981+00:00,,sha256:075faa9cca1d50c0,0.5,20261001T103734-98563d0d-0.5
sim-neutral-memory,SIM-00896,withheld,false,2026-10-01T10:37:34.824031+00:00,,sha256:075faa9cca1d50c0,0.5,20261001T103734-98563d0d-0.5
sim-neutral-memory,SIM-00899,injected,true,2026-10-01T10:37:34.825264+00:00,,sha256:075faa9cca1d50c0,0.5,20261001T103734-98563d0d-0.5
sim-neutral-memory,SIM-00902,injected,false,2026-10-01T10:37:34.826318+00:00,,sha256:075faa9cca1d50c0,0.5,20261001T103734-98563d0d-0.5
sim-neutral-memory,SIM-00905,withheld,true,2026-10-01T10:37:34.827364+00:00,,sha256:075faa9cca1d50c0,0.5,20261001T103734-98563d0d-0.5
sim-neutral-memory,SIM-00908,withheld,true,2026-10-01T10:37:34.828551+00:00,,sha256:075faa9cca1d50c0,0.5,20261001T103734-98563d0d-0.5
sim-neutral-memory,SIM-00911,injected,true,2026-10-01T10:37:34.829615+00:00,,sha256:075faa9cca1d50c0,0.5,20261001T103734-98563d0d-0.5
sim-neutral-memory,SIM-00914,withheld,false,2026-10-01T10:37:34.830749+00:00,,sha256:075faa9cca1d50c0,0.5,20261001T103734-98563d0d-0.5
sim-neutral-memory,SIM-00917,injected,false,2026-10-01T10:37:34.831847+00:00,,sha256:075faa9cca1d50c0,0.5,20261001T103734-98563d0d-0.5
sim-neutral-memory,SIM-00920,withheld,true,2026-10-01T10:37:34.833083+00:00,,sha256:075faa9cca1d50c0,0.5,20261001T103734-98563d0d-0.5
sim-neutral-memory,SIM-00923,injected,false,2026-10-01T10:37:34.834130+00:00,,sha256:075faa9cca1d50c0,0.5,20261001T103734-98563d0d-0.5
sim-neutral-memory,SIM-00926,withheld,true,2026-10-01T10:37:34.835183+00:00,,sha256:075faa9cca1d50c0,0.5,20261001T103734-98563d0d-0.5
sim-neutral-memory,SIM-00929,withheld,true,2026-10-01T10:37:34.836222+00:00,,sha256:075faa9cca1d50c0,0.5,20261001T103734-98563d0d-0.5
sim-neutral-memory,SIM-00932,withheld,false,2026-10-01T10:37:34.837366+00:00,,sha256:075faa9cca1d50c0,0.5,20261001T103734-98563d0d-0.5
sim-neutral-memory,SIM-00935,withheld,false,2026-10-01T10:37:34.838593+00:00,,sha256:075faa9cca1d50c0,0.5,20261001T103734-98563d0d-0.5
sim-neutral-memory,SIM-00938,injected,false,2026-10-01T10:37:34.839644+00:00,,sha256:075faa9cca1d50c0,0.5,20261001T103734-98563d0d-0.5
sim-neutral-memory,SIM-00941,withheld,false,2026-10-01T10:37:34.840913+00:00,,sha256:075faa9cca1d50c0,0.5,20261001T103734-98563d0d-0.5
sim-neutral-memory,SIM-00944,withheld,true,2026-10-01T10:37:34.842170+00:00,,sha256:075faa9cca1d50c0,0.5,20261001T103734-98563d0d-0.5
sim-neutral-memory,SIM-00947,injected,true,2026-10-01T10:37:34.843418+00:00,,sha256:075faa9cca1d50c0,0.5,20261001T103734-98563d0d-0.5
sim-neutral-memory,SIM-00950,withheld,true,2026-10-01T10:37:34.844612+00:00,,sha256:075faa9cca1d50c0,0.5,20261001T103734-98563d0d-0.5
sim-neutral-memory,SIM-00953,withheld,true,2026-10-01T10:37:34.845870+00:00,,sha256:075faa9cca1d50c0,0.5,20261001T103734-98563d0d-0.5
sim-neutral-memory,SIM-00956,injected,true,2026-10-01T10:37:34.846971+00:00,,sha256:075faa9cca1d50c0,0.5,20261001T103734-98563d0d-0.5
sim-neutral-memory,SIM-00959,withheld,true,2026-10-01T10:37:34.848081+00:00,,sha256:075faa9cca1d50c0,0.5,20261001T103734-98563d0d-0.5
sim-neutral-memory,SIM-00962,injected,false,2026-10-01T10:37:34.849297+00:00,,sha256:075faa9cca1d50c0,0.5,20261001T103734-98563d0d-0.5
sim-neutral-memory,SIM-00965,withheld,false,2026-10-01T10:37:34.850389+00:00,,sha256:075faa9cca1d50c0,0.5,20261001T103734-98563d0d-0.5
sim-neutral-memory,SIM-00968,withheld,false,2026-10-01T10:37:34.851447+00:00,,sha256:075faa9cca1d50c0,0.5,20261001T103734-98563d0d-0.5
sim-neutral-memory,SIM-00971,injected,false,2026-10-01T10:37:34.852636+00:00,,sha256:075faa9cca1d50c0,0.5,20261001T103734-98563d0d-0.5
sim-neutral-memory,SIM-00974,injected,true,2026-10-01T10:37:34.853689+00:00,,sha256:075faa9cca1d50c0,0.5,20261001T103734-98563d0d-0.5
sim-neutral-memory,SIM-00977,withheld,true,2026-10-01T10:37:34.854892+00:00,,sha256:075faa9cca1d50c0,0.5,20261001T103734-98563d0d-0.5
sim-neutral-memory,SIM-00980,injected,true,2026-10-01T10:37:34.856099+00:00,,sha256:075faa9cca1d50c0,0.5,20261001T103734-98563d0d-0.5
sim-neutral-memory,SIM-00983,withheld,false,2026-10-01T10:37:34.857324+00:00,,sha256:075faa9cca1d50c0,0.5,20261001T103734-98563d0d-0.5
sim-neutral-memory,SIM-00986,injected,false,2026-10-01T10:37:34.858424+00:00,,sha256:075faa9cca1d50c0,0.5,20261001T103734-98563d0d-0.5
sim-neutral-memory,SIM-00989,injected,false,2026-10-01T10:37:34.859488+00:00,,sha256:075faa9cca1d50c0,0.5,20261001T103734-98563d0d-0.5
